count,sequence
2,AAAAARRRIRKQAHAHSK
1,AAAATAAAAAGLGE
1,AAAGVVYLYDGTYEDACHAIQNMAGDAAGMIC
1,AALEYGLIDTVLSPRGMAVKRAP
1,AAPGGKTTHILEVAPEAQVV
1,AAVACRICMRNFSTRQARRNHRRRHRR
1,AAVALLPAVLLALLAK
1,AAVALLPAVLLALLAKKNNLKDCGLF
1,AAVALLPAVLLALLAKKNNLKECGLY
1,AAVALLPAVLLALLAKNNLKDCGLF
1,AAVALLPAVLLALLAKNNLKECGLY
1,AAVALLPAVLLALLAP
1,AAVALLPAVLLALLAPEILLPNNYNAYESYKYPGMFIALSK
1,AAVALLPAVLLALLAPRKKRRQRRRPPQ
1,AAVALLPAVLLALLAPRKKRRQRRRPPQC
1,AAVALLPAVLLALLAPRRRRRR
1,AAVALLPAVLLALLAPSGASGLDKRDYV
1,AAVALLPAVLLALLAPVQRKQKLMP
1,AAVALLPAVLLALLAPVQRKRQKLMP
1,AAVALLPAVLLALLAVTDQLGEDFFAVDLEAFLQEFGLLPEKE
1,AAVLLPVLLAAP
1,AAVLLPVLLAAPVQRKRQKLP
1,AAYLLAKINLKALAALAKKIL
1,a-CF3-Bpg-lyllgkinlkalaalakkil
1,A-CF3-Bpg-LYLLGKINLKALAALAKKIL
1,ACLGEG
1,ACRLMIESLVRQNKFEEAISLYKKI
1,ACYMEEMRNVELVEGEEGRMCVNMEWGAFGD
1,ADASAGPAMTAEQCAQAIANGREV
1,ADDDIPFMSDYDETALVCDN
1,ADLEKLTGKQVQLNILEV
1,ADPCYKF
1,ADPTVTMTLA
1,ADTIYPFTQAENVWLPNKNDIIEK
2,ADVFDRGGPYLQRGVADLVPTATLLDTYSP
1,ADVPVFYLPYFNFP
1,AEAERAR
1,AEALQQALEEQWAKKVRLAWRVRSD
1,AEKVDPVKLNLTLSAAAEALTGLGDK
1,AEKYCKTDL
1,AESAE
1,AEVGTLITALGCGIGREEYNPDKLRYHKIV
1,AEVVRIRAKEDCELCSSAKIIERIVTLASS
1,AEYQMHAWSPMCYSPTEWKYYIWDMMS
1,AFHFILPFIITALVIVHLLFLHETGSNNPS
1,AFNNRFQQYLILESGIMTISIFERFLESTVETE
1,AFTGELPNGDQYYGFPAENDALKIGKHNGGQV
1,AFTIHVTLLILLKG
2,AGCKNFFWKTFSC
1,AGCKNFFWKTFTSC
1,AGFGDDAPRAVF
1,AGGNLTGWHPDSAAVL
1,AGHLGIPEEIRRRPP
1,AGKSSAINVLCNQKRLAFASKTPGRTQHINYF
1,AGLGGGSSDAASTLLALNRLWKLKLS
1,AGTYAPLPDSFSSEFK
1,agy-CF3-Bpg-lgkinlkalaalakkil
1,AGY-CF3-Bpg-LGKINLKALAALAKKIL
1,AGYLLGHINLHHLAHLAibHHIL
1,AGYLLGKINLKALAALAKKIL
1,AGYLLGKINLKALAALAKKILTYADFIASGRTGRRNAI
1,AGYLLGKINLKPLAALAKKIL
1,AGYLLGKINLRALAALARRIL
1,AGYLLGK[KK2sa4qn4]INLKALAALAKKIL
2,AGYLLGKLKALAALAKKIL
1,AGYLLGKLLOOLAAAALOOLL
1,AGYLLGK(Stearyl)INLKALAALAKKIL
1,AGYLLGKTNLKALAALAKKIL
1,AGYLLGKT(PO3)NLKALAALAKKIL
1,AGYLLGOINLKALAALAKKIL
1,AGYLLGPINLKALAALAKKIL
1,AGYLLG)δ-OINLKALAALAKKIL
1,AGY(PO3)LLGKINLKALAALAKKIL
1,AGY(PO3)LLGKTNLKALAALAKKIL
1,AGY(PO3)LLGKT(PO3)NLKALAALAKKIL
1,AHALCLTERQIKIWFQNRRMKWKKEN
1,AHALCLTERQIKSNRRMKWKKEN
1,AHALCLTERQIKSNRRMKWKKEN–NH2
2,AHALCLTERQIKSNRRMKWWKEN
1,AHALCPPERQIKIWFQNRRMKWKKEN
1,AHGVPVGGELDYLDEGTLAAALRARTVIM
1,AHQIEPICIGSLETPTSTANVVLCMAKPLSISS
1,Ahx-RRRRRRRRR
1,Aib-NII-Aib-Aib-LL-Aib-Aib-IC
1,Aib-NII-Aib-Aib-LL-Aib-PIC
1,Aib-NII-Aib-PLL-Aib-Aib-IC
1,Aib-NII-Aib-PLL-Aib-PIC
1,Aib-NII-Aib-PLL-A-PIC
1,Aib-NII-A-PLL-Aib-PIC
1,AIGYLAARLAKLGVEDQLVRVGAVAGSTVV
1,AIIYRDLIS
1,AILDIRSIDEQEDKPLKVEGVEVVSLPF
1,AIPNNQLGFPFK
1,AITFYPFAPNQITCIHE
1,AITISNCHLTEHDDVMLLGASDTYTQDEI
1,AITSAHNLLAAI
1,AKASLGIR
1,AKEVKPDDEEVLLKAAMTAIT
1,AKFAKL
1,AKGQRVGIFSGSGVGKSTLLGMIAKN
2,AKKRRQRRR
1,akvkdepqrrsarlsakpappkpepkpkkapakk
1,AKVKDEPQRRSARLSAKPAPPKPEPKPKKAPAKK
1,AKYIADLDTFF
1,ALEACGAPVERLQIEAGGPAWYHPG
1,ALFSFVLPDNVDVDDQRRKT
1,ALGIVPLQYVFVMTFT
1,ALHFINW
1,ALHLIPSGILTPGVTNVIGNGVVVD
2,ALIILRRRIRKQAHAHSK
1,ALKELEQAYNEAKNDPEFWAEFRRDLKHY
1,ALLSLSCCLML
1,ALQRDYEAGAGDKEKKPVCT
1,ALTSTAFSG
1,ALVKSALEPGFLVLVNDSNGYHVLQSCLE
1,ALWKTLLKKVLKA
1,ALWKTLLKKVLKAPKKKRKV
2,ALWMRWYSPTTRRYG
1,ALWMTLLKKVLKAAAKAALNAVLVGANA
1,ANAATYTTGLTAASFTS
1,ANEQRKTIYKFRQELLNPEYDIASK
1,ANHSFM
1,A-NII-Aib-PLL-Aib-PIC
1,ANKGCGVWMMSSSLPHVTSNHVSYNG
1,ANNTFTAT
1,ANQYFGTAPFYRKRKAFETPSSGKMTHVRFDYSK
1,ANRRKWEELHQKRLQVSAASPVPSSPSP
1,ANSGKQDLRSTVAMQYDQTTTFAAKLK
1,APFFVKYGN
1,APGHINPFIGFTAILCIAIGAGASGAL
1,APKDVVEKVL
1,APKRKSGVSK
1,APLVSRATVHVRLLDRNDNPPVLGNF
1,APNVGALHNVLGRLRTAGKYHWVKD
1,APPPPAPCFSQVAS
1,APVTGAHMAYVDYWVPCQFTECSGEYVTEEYRKA
1,APWHLSSQYSRT
1,APYQRDNFILRQ
1,APYVGAVVMPGGAGQSRSELDEWTTFARSRGAKG
1,AQIKIWFQNRRMKWKK
1,AQKKAQEVICSAIQRFAGEFVVDR
1,AQMRRL
1,AQMVSQVARQRADWEIVKKVQNGLGAEI
1,AQNESPTLQSNEW
1,AQRRVSKNSKYNA
1,ARAVLYLAQGTFGECDSEVDVLHWSRYN
1,AREENLGITKDFLTFMKRLFCNPIYMLFIL
1,ARETLADDPRCTVLGAELAELPRLLAEQGLA
1,AREVMDEIEARMQQASGELRFEEA
1,ARFSNPGVWSKVAADIFNMALDTALA
1,ARGGSSI
1,ARGLEK
1,ARLRITLSATHDDDALDALL
1,ARNPIHLAAPALAE
1,ARSILSKSSSKGGSSN
2,ARTINAQQAELDSALLAAAGFGNTTADVFDRG
1,ASEEKLEQVLSSMKEN
1,ASGGAGKMEHFYEVLKV
1,ASHAMI
1,ASMWERVKSIIKSSLAAASNI
1,ASYALEYGKAELEIQKDALEPGQRVVIVDDLLATGGTMCAACELLNQLR
1,ATGKPHTLWVA
1,ATIDAVDVAVDELRQVIEQAGYRATAHAESAVE
1,ATLGNLALPFLARNT
1,AVAQSRGEIVALVNDDVEVIAPDWLSEMVALAQRPGVGCV
1,AVGCI
1,AVHYTANINLAFSSII
1,AVINSKTGLWKVTRNLDDDD
1,AVKYDDGRDPRGLLQADIVLVGVSRTS
1,AVMITN
1,AVNANFGWQDKRFSTFG
1,AVPAENALNNPF
1,AVTPPPKPETPQIFEYQ
1,AWSFRVSYRGISYRRSR
1,AYALCLTERQIKIWFANRRMKWKKEN
1,AYFKFQENRPPFPPEDWVMFLGL
1,AYGGVPVIITSGY
1,AYGRAKNKPFESGVDSVGNARLRFSAKFYLVAMF
1,AYLSEGGELAALMFMNWVGIKV
1,AYRIKPTFRRLKWKYKGKFW
1,AYSVVGGGDSAAA
1,AYVNKIKRNKISLNHSSTHLLHYAINC
1,B-[ERRRK]-(B)2-[KRRRE]
1,B-[ERRRK]-(B)3-[KRRRE]
1,B-[ERRRK]-B-[KRRRE]
1,B-[ERRRK]-[KRRRE]
1,B-GLRK(NIA)RLRKFRNKIKEK
1,B-GLRKRLRKFRNKIKEK
1,B-[KRRRRE]
1,B-[KRrRrRrE]
1,B-[KRRRRRRE]
1,B-[KrrrrrrrE]
1,B-[KrRrRrRrE]
1,B-[KRRRRRRRE]
1,B-[KrrrrrrrrE]
1,B-[KRrRrRrRrE]
1,B-[KRRRRRRRRE]
1,B-[KRRRRRRRRRE]
1,B-R[KRRRRRRE]
1,B-RR-[KRRRRRE]
1,B-RRR-[KRRRRE]
1,B-RRRR-[KRRRE]
1,BRRRRRR
1,B-RRRRRRR
1,BRRRRRRR
1,BRRRRRRRR
1,BrrXrrXrrX
1,BRrXRrXRrX
1,BRRXRRXRRX
1,BXRXRXXRXRXXRXRX
1,CACMKGMSYG
1,CALVVGG
1,CAYHRLRRC
1,CCNHMCTGINVPYSKSTVNEEHQNYL
1,CEYLSNVVTDGNVIKHDASIDEDSAVEIVRVEL
1,CFITKALGISYGRKKRRQRRRPPQGSQTH
1,CFLSALTLSFATLPYYAYNYLLVGPLGFVPEDNALLSTVFTHSYLKD
1,CGAYDLRRRERQSRLRRRERQSR
1,CGNKRTRGC
1,CGPGSDDEAAADAQHAAPPKKKRKVGY
1,CGSSR
1,CGTPVVA
1,CIFMSKKFIELGDPVTQDEKDYEDYVGV
1,CIISRDLISH
1,ckkkkkkkkk
1,CNGEISERVKDARALATC
1,CNGRC
1,CNGRCG
1,CNGRCGGKKLKLLKLL
1,CNGRCGGKLAKLAKLAKLAK
1,CNGRCGGLVTT
1,CPLDQFECGGDEPG
1,CPTFQYFPHDIVLQSTNYVSADEASLRI
1,CRAWAATQDNKTIDNIKEEYCL
1,CRFRFKCCKK
1,CRFRWKCCKK
1,crkkrrqrrr
1,CRQIKIWFPNRRMKWKKC
1,CRQIKIWFQNRRMKWKK
1,CRRALKETGLNRLVVAG
1,crrrrrrrrr
1,CRWRFKCCKK
1,crwrwkcckk
1,CrwrwKCCKK
1,CrWRWKCCKK
1,CRwRWKCCKK
1,CRWrWKCCKK
1,CRWRwKCCKK
1,CRWRWKCCKK
1,CRWRWKCG
1,CRWRWKCGCKK
1,CRWRWKCSKK
1,CRWRWKCXKK
2,CRWRWKSSKK
1,CRWRWKXCKK
1,CRWRWKXXKK
1,csippevkfnpfvyli
1,CSIPPEVKFNPFVYLI
1,CSSCFCLCCPRHRPVSRLAAVVGGAAAV
1,CVADLLSKESGKKEITLLTTSGSLKSKILGNNLV
1,CVKRGLKLRHVRPRVTRDV
1,CVQWSLLRGYQPC
1,CWGGCRDWFCNT
1,CWKKK
1,CWKKKKKKKK
1,CWKKKKKKKKKKKKK
1,CWKKKKKKKKKKKKKKKKKK
1,Cyclo(FΦRRRRQ)
2,CYFQNCPRG
1,DAATATRGRSAASRPTERPRAPARSASRPRRPVD
1,DAATATRGRSAASRPTERPRAPARSASRPRRVD
1,DAATATRGRSAASRPTQRPRAPARSASRPRRPVE
1,DADFALQLTDDGLQLQQLGDDVPGAVRV
1,DAEFCT
1,DAEPGTIRGDFGIDIGR
1,DAHAEPV
1,DAKLIMIDPKMLELSIYEGIPHLLCPVVT
1,DATKQADIIHILIPDMIQGQVYKDEIGPNLSEGK
1,DATTITECLHTFCKSCIVK
1,DCRWRWKCCKK
1,DCRWRWKCXKK
1,DCRWRWKXCKK
1,DCRWRWKXXKK
1,DCSTFLRTSETGIVDQVMVTLNQEGYKFCKIRVR
1,DDGYSYVDLNRQGTPLVEIV
1,DDLGHKVEKLLFDLFSGKRSGSPDIDKKINQAC
1,DDLRINLWNFEITNQSFNIADIKPANMEELTE
1,DDSGK
1,DEEAMENMG
1,DELDRDGKLPSWLLRADSVAQEITHIDFNRLG
1,DELNHASIIDGIRLTK
1,DESHVTLPQVRGMYGG
2,DFDMLRCMLGRVYRPCWQV
1,DFFGKMIFHHSDAIFPLRNQDEERMD
1,DFHAVIGQETRAQA
1,DFIDWVDNMWPR
1,DFNKFHTFPQTAIGVGAP
1,DFPIFRNQKDPYIYLDSAATTHKPQCVIDAVTDY
1,DFRAKAE
1,DGGARFVEDAWVRDAGGGGRTRVIGEGKVIEKGGVNFSHVFGA
1,DGGVHSHINHLCGLIEWAA
1,DGIFSFVLLDTRDNSFMV
1,DGNNLYC
1,DGQITPNEAFQNAL
1,DICGTWDTLDL
1,DIIIKMRHWPVAKLFVPPERDNAYWFCHYYCR
1,DIILPDGSVKQY
1,DINKVDEKVVGTILRIKVSG
1,DISEAPIGPRSVVATSPDKLGECQWELE
1,DITIKKAVELITSTATVKMEIKFTIKQVVA
1,DKEVLKGYFKESRLAYDLAYGFLTPFLS
1,DKFENMGAQMVKEVSSQTSD
1,DKLGVWFIWANNASVFHAYHLKC
1,DLDGTL
1,DLGADSLDTVELVMAFEEE
1,DLIYIDP
1,DLQDIIAI
1,DMGNRMMHCFTDNASRDGFHINWTSVLHPARCE
1,DMTTKFMTDPVRVLVKRDELTLEGIKQYFIAVEK
1,DNNEINLNIKVTDFGLAV
1,DPATNPGPHFPR
1,DPKGDPKGVTVTVTVTVTGKGDPKPD
1,DPVDTPNPTRRKPGK
1,DQDETFEAAK
1,DQEFRRENS
1,DQETIMRAATGGNRMFQH
1,DQKIDVVAAAEAR
1,DQLAAADKKDSNLIGQFGVGFYS
1,DQLHLLRELFIAASMIKWP
1,DRDDRDDRDDRDDRDDR
1,DRDRDRDRDR
1,DRRRRGSRPSGAERRRR
1,DRRRRGSRPSGAERRRRRAAAA
1,DRTHPIT
1,DSEAMER
1,DSEEAIRYRQEVYVRETSPLIEVYRERGLLVEV
1,DSHAKRHHGYKRKFHEKHHSHRGY
1,DSLKSYWYLQKFSWR
1,DSNGAAANAVRLSLDSITQRWDNLVARIE
1,DSRYTVQSFSTDGHPDFIPSDSLDILSY
1,DTNKSKVTVRIGAENPL
1,DTVIMASVFVHPTAQDYNKIYRFN
1,DTWAGVEAIIRILQQLLFIHFR
1,DTWPGVEALIRILQQLLFIHFRIGCQH
1,DVDGFPTSQATSPEPGKKDEEAKAPFKSTLFH
1,DVDSIYKIPALLRSQGLDDL
1,DVVKEGD
1,DVYPILSLQSCLDKRAAKGGVSPQQVAQAIAFA
1,DWGSAEEEGKALSSPTSPEHDFLKAWVYRPGEDTE
1,DWRLPTPRAA
1,EAIFHALARKNYGCSHFIVGRDHAGVGSY
1,EAKYPEIFEQIRTKKVIDKEVEEILHKAL
1,EALHLLSSMVQYMACVTPESFVWNDLS
1,EAQKTSPSLCPESQASGPPVLEPQGAG
1,ECGMAFENYDDIRPGDV
1,EDEGAFTGE
1,EDFLQAMEYAMPPTGGLGMGVDRVVMMITGRSIR
1,EDKVVQPTFLLEHPVEISPLAK
1,EDMAPAGAGALMAMLEKRRAAL
1,EDNADEMRMGNDGTPIFLSNHAGG
1,EEDAAFILKWYSYEK
1,EEE
2,EEEAA
1,EEEAAGRKRKKRT
2,EEEAAKKK
1,EEEEEEASFENESIEEPE
1,EEMKRVN
1,EENQFQSSKILGNPTAAPRKRGR
1,EEVDH
1,EEYLKNHSFVSDTD
1,EFTHNHTVGDLTWD
1,EGEIKIDVERAVEWILKGAQPSDTVRDI
1,EGFRKGHELCHYCKM
1,EGGCLRC
1,EGGLSPIAIKKGQVVMYTILATHRDKDIYGE
1,EGHNLQEHSVVLIRGGRVKDLPGVRYHVVRGTL
1,EGLLSEMLPQHAAKMNLML
1,EGVEMVKKNLEKWL
1,EGVMDRIVSQLLAELDGMSGGDGGDG
1,EHLPSNFFKGEECFQCKGAKKYTVECAQAAFSDRGFIPLFDTYH
1,EIDELVGLVNERGKVTLSYASIEEI
1,EIEAPQAVLPN
1,EIELIPCSRVGHIFRNDNPYSFPKDRMKTVER
1,EIGAGFDSVTQRGSEHGDELTPQGFLSNHS
2,EILLPNNYNAYESYKYPGMFIALSK
1,EILRYEKYD
1,EIVTRGQTPYAGIENAEI
1,EKANEKERTTTTS
1,EKEGVHRFSLVTSGKSVSDEEFEKILGI
1,EKEKEIYRTQLRNEGKPEHVIEKIIEGKLEKFY
2,EKGKKIFIMK
1,EKKERYINELGLKKDDAEVIISSYEHAKFFEDLINAGHEPKLCVTW
1,EKLLGQLRTDLTMNKIIVGLSGGVDSSTAAAILH
1,EKRPRTAFSSEQLARLKREFNENRYLTTERRRQQLSSELGLNEAQIKIWFQNKRAKIKKST
1,EKVEQQKLRREYIDIIKGNV
1,EKVYPGLLAASVEWFRNYKIPAG
1,ELAITATCVRVPVLRAH
2,ELALELALEALEAALELA
1,ELARWFAPHIAQARTLYFCTGY
1,ELEDKKHKIGSIPPKRELEHWCTHGKY
1,ELGQPMHAFDLET
1,ELKRLKIEAVKPDLILALEKKEEL
1,ELMTLFKNLHKKGM
1,ELPVM
1,ELQLRGAAISLSG
1,ELQPKASFLCAEVVRLGRTAAGETLNEGA
1,ELRKKTGVGIMDAKKALVASDGNVEEAIDALRE
1,EMGVTVAKEGIDTYSFKA
1,EMMSRTKMWITQKYSTFF
1,ENIMKKPKEPEPSFPSF
1,EPDNWSLDFPRR
1,EPGKEGPPG
1,EPVVARRSNSANVSSPESEKNKRQSKS
1,EQVEKCEQELAKSSGREETPVTPFEEST
1,ERERERERERERER
1,ERGLLHSSQLPLDVYDLTMP
2,ERKKRRRE
1,ERLEETEA
1,ERVIVAGLPKSRAAMHLDTVFSFCDRDLV
1,ERVMKSRHRMA
1,ESAPEAF
1,ESCTLFEEMFVPFPMRSQRNQAG
1,ESGGPEPGVGCAGRGVITSITYLEEAGAYENLD
1,ESIFGVKVDKVNIMNYKGKSKRVGRYTGMTSR
1,ESLYPGKGIKNAGREVEVIYV
1,ETQVDFVEGNAEALAFADRSFDAYTIAFGIR
1,ETRRKRMACQVFFLNYYISTIEYH
1,EVGRALANLTDATTIIGGGDSTAAAK
1,EVILEGEDV
1,EVKLSSEFWYFVGSEKALDAATVEKLQAL
1,EVLQDSLDRCYSTQSMYFELPDSFQHYR
1,EVNYADIAKGYELPDGET
1,EVRAGDIAAAVGLKEATTGDTLCDPGKVII
1,EVSMENMVTVGFFSCMGTLCLGAAAFSQCEDWSFFHAY
1,EXREXRILFQYEXREXR
1,EYEASKSNL
1,EYGFKTYAVLGGATG
1,EYLRSQNLALGGSVENAIVVDENRVLN
1,FAPWDTASFMLG
1,FAVDNGY
1,FCPLLMSFLITQKTSETLTAVLAGGWLGLI
1,FDPFFWKYSPRD
1,FEVLMQFLYTDKIKYPRKGHV
1,FEVLTKVLQEEPPLLPGHM
2,FFFAAGRKRKKRT
1,ffffgrrrrrrrrgc
1,FFLIGRRRRRRRRGC
1,fflipkgrrrrrrrr
1,FFNDLVEFMTSGPVVVMVLEGENAVAKNRELM
1,FGAYPVAAKARAGGGPTLQCPPPSSPEKAAS
1,FGQNTPAIMMTEA
1,FIIFRIAASHKK
1,FIQSA
1,FIRIGC
2,FITKALGISYGRKKRR
2,FITKALGISYGRKKRRQC
1,FITKALGISYGRKKRRQC–NH2
1,FITKALGISYGRKKRRQRRRPPQ
1,FKIYDKKVRTRVVKH
2,FKKFRKF
1,FKMHEN
1,FKQqQqQqQqQq
1,FKQVGLSHGAQLFLGFEDQ
1,FLAVL
1,FLGKKFKKYFLQLLK
1,FLIDRMGMTYVLALTGGIATG
1,FLIFIRVICIVIAKLKANLMCKT
1,FNCFLELPEVLHGKKFLKVDEATREDMLMS
1,FNKIRGMPSWRDWFWKSPAVFNFISQQIAN
1,FQAYPCITAYKVMYID
1,FQGNP
1,FQNRRMKWKK
1,FQPYDHPAEVSY
2,FQWQRNMRKVRGPPVS
1,FrFKFrFK
1,FRVPLRIRPCVVAPRLVMVRHTFGRIARWVAGPLETR
1,FSKEQVEDFVQRYQDIEKE
1,FSKYCNSSDIMDLFCIATGLPRNTT
1,FSPTLYVDSWNPHHAPFFSAVG
1,FSSADVRSIPIIQTWEENKALKTKITILRGELQMYQ
1,FTELEPEDLLKFGLIPEFVGRLPV
1,FTTFAVSTVCLPLFAFLFC
1,FTYKNFFWLPEL
1,FVAHMEKT
1,FVESEPKL
1,FVEVETPTLTRSTPEGARDFLVPSRLQPGSF
2,FVPIFTHSELQKIREKERNKGQ
1,FVTRGCPRRLVARLIRVMVPRR
1,FXrFXrFXr
1,FXrFXrFXrFXr
1,FXrFXrFXrFXrFXr
1,FXrFXrFXrFXrFXrFXr
1,FYNRNPPARKEAYGDISERKLLRERLRCKSFDW
1,GAARVTSWLGRQLRIAGKRLEGRSK
1,GAEAIAARV
1,GAGID
1,GAKLLNQGGLF
1,GAKTLKMKFGHH
1,GALFLAFLAAALSLMGLWSQPKKKRRV
1,GALFLGFLGAAGSRMGAWSQPKKKRKV
1,GALFLGFLGAAGSRMGAWSQPKSKRKV
1,GALFLGFLGAAGSTMGAWSQPKKKRKV
2,GALFLGFLGAAGSTMGAWSQPKSKRKV
1,GALFLGWLGAAGSTMGAPKKKRKV
1,GALSEKERKLYDLIAKR
1,GASEHTHGRLCEAVGLSGGVLSQTLARIM
1,GASHCALTH
1,GAYDLRRRERQSRLRRRERQSR
1,GCGRELQRLSYLGAFFSFSVFAEDDVK
1,GD(Abu)LPHLKLC
1,GDCLPHLKLCKENKDCCSKKCKRRGTNIEKRCR
1,GDFAGPNGCPRRRGRQTYT
1,GDFPEYNAFVSFVDSFLGFNSESRLQNFKLN
1,GDKEGAEATI
1,GDRDGNPYVTAQVTKEVLDHGRWMALDLYGRDL
1,GDTRTDITRMDDKELHDYLHSMSKKERR
2,GDVYADAAPDLFDFLDSSVTTARTINA
1,GEEALSSEDLLYLEF
1,GEPVAL
1,GEQIAQLIAGYIDIILKKKKSK
1,GFMFAPKFHPAMRYAGPVRREIGIRTIFNV
1,GGDPIPGSNFIDILKLFQEDPQTEAIVMIG
1,GGGARKKAAKAARKKAAKAARKKAAKAARKKAAKA
1,GGILKYFEEVGGSHYRGDCFVFDYRTALNPSLE
1,GGLTVYNQATR
1,GGQMPLYRRLPKFGFTSRKAMIT
1,GGRQIKIWFQNRRMKWKK
1,GGVCPAILKKCRRDSDCPGACICRGNGYCGSGSD
1,GGVCPKILAACRRDSDCPGACICRGNGYCGSGSD
1,GGVCPKILAKCRRDSDCPGACICRGNGYCGSGSD
1,GGVCPKILKACRRDSDCPGACICRGNGYCGSGSD
1,GGVCPKILKKCRRDSDCPGACICRGNGYCGSGSD
1,GGVNLAQKFVKNNRCQQANVGTPQPGSHGSVRT
1,GGVPQDLSRRDFTAALRRLSQRGLDGRTLARK
1,GGYAIADVIGGE
1,GGYRPQFYFRTTDVTGIIQLPEGVEMVMPGDN
1,GHHSLKITDDPFDVPFPINDDHDS
1,GHSADSSRQSGTRHTESSSRGQAASSHEQARSSA
1,GHTINVVHSRGKSM
1,GIASNGQLPTPKT
1,GIGAVLKVLTTGLPALISWIKRKRQQ
1,GIGKFLHSAKKWGKAFVGQIMNC
1,GIGKWLHSAKKFGKAFVGEIMNS
1,GILLRNQVLPPQI
1,GIPIAGEEEVKV
1,GITPCKPGDIKSIV
1,GIWFAYSRGHFRTKKGT
1,GKHRHERGHHRDRRER
1,GKINLKALAALAKKIL
1,GKKIVGFHGRSGNALDALGVYFVHGSLTTSPPVYKLDAQGGTDGRVWDD
1,GKKKKKKKKK
1,GKKKKKQKKKPWQ
1,GKKKKRKREKL
1,GKKKRKLSNRESAKRSR
1,GKKLVQDLQLAGKLPASLTQ
1,GKKTNLFSALIKKKKTA
1,GKLKKVLHFIQK
1,GKNVKPQIHENFDGN
1,GKPRFVHTLNGSGT
1,GKRARNTEAARRSRARKL
1,GKRKKKGKLGKKRDP
1,GKRKKKGKLGKKRPRSR
1,GKRRRRATAKYRSAH
1,GKRVAKRKLIEQNRERRR
1,GKYNLSLLSTEEEIEIIKLLAAWTKTLEASVKYF
1,GKYRIIDFALSNCLNSGIRRI
2,GKYVSLTTPKNPTKRRITPKDV
1,GLAFLGFLGAAGSTMGAWSQPKKKRKV
1,GLAFLGFLGAAGSTMGAWSQPKSKRKV
1,GLCPLLAVTATVTNA
1,GLEMGRLK
1,GLFEAIEGFIENGWEGMIDGWYGGGGrrrrrrrrrK
1,GLFEALLELLESLWELLLEA
1,GLFGGAGVGKTVLIMELINNIAKAHGGVSVFGGVGERTREGNDLYM
1,GLFKALLKLKLSLWKLLLKA
1,GLFKALLKLKLSLWKLLLKAGLFKA
1,GLFKALLKLLKSLWKLLLKA
1,GLFNWLQLRPPSW
1,GLFRALLRLLRSLWRLLLRA
2,GLGDKFGESIVNANTVLDDLNSRMPQSRHDIQQL
1,GLGSLLKKAGKKLKQPKSKRKV
1,GLIPEFIGRLPV
1,GLLEALAELLEGLRKRLRKFRNKIKEK
1,GLLSTAAGVQRASAKSTLAIV
1,GLPVCGETCVGGTCNTPGCKCSWPVCTRN
1,GLPVCGETCVGGTCNTPGCTCSWPKCTRN
1,GLPVCGETCVGGTCNTPGCTCSWPVCTRN
1,GLRKRLKFRNKIKEK
1,GLRKRLRKFRNKIKEK
1,GLRPKSKERKGRMKILVTNDDGVH
1,GLTPSKILTEEAFMNAITADMALGCST
1,GLTVLGDGSTEV
1,GLWRALWRALRSLWKLKRKV
1,GLWRALWRALWRSLWKKKRKV
1,GLWRALWRALWRSLWKLKRKV
1,GLWRALWRALWRSLWKLKWKV
1,GLWRALWRALWRSLWKSKRKV
1,GLWRALWRGLRSLWKKKRKV
1,GLWRALWRGLRSLWKLKRKV
1,GLWRALWRLLRSLWRLLWKA
1,GLWRALWRLLRSLWRLLWRA
1,GLWRALWRLLRSLWRLLWSQPKKKRKV
1,GLWWRLWWRLRSWFRLWFRA
1,GMDIRFHTL
1,GMNCSREYAHCTSAYV
1,GNLHSIPTSGIGQPIIVTMPDGQ
1,GNLVTHQRIHTGEKPY
1,GPFHFYQFLFPPV
1,GPSPTRRSQSEHQRLK
1,GPSQPTYPGDDAPVRDLIRFYRDLQRYLNVVTRHRY
1,GPSQPTYPGDDAPVRDLIRFYRDLRRYLNVVTRHRY
1,GPSQPTYPGDDAPVRDLRRFYRDLRRYLNVVTRHRY
1,GQFIWKANPAIVEKLSEVGALMHTETISHSYMHCWRHKTP
1,GQLELFSKMSR
1,grctksippicfpd
1,GRCTKSIPPICFPD
1,GRGILPTPS
1,GRKGKHKRKKLP
2,GRKKRRQ
2,GRKKRRQARAPPQC
2,GRKKRRQPPQC
1,GRKKRRQPPQC–NH2
1,GRKKRRQRARPPQC
2,GRKKRRQRPPQC
1,GRKKRRQRRPPQC
1,GRKKRRQRRR
2,GRKKRRQRRRC
1,GRKKRRQRRRPP
2,GRKKRRQRRRPPC
1,GRKKRRQRRRPPQ
1,GRKKRRQRRRPPQC
1,GRKKRRQRRRPPQGRKKRRQRRRPPQGRKKRRQRRRPPQ
1,GRKKRRQRRRPPQTYADFIASGRTGRRNAI
2,GRKKRRQRRRPQ
1,GRKKRRQRRRPWQ
1,GRKLKKKKNEKEDKRPRT
2,GRKRKKRT
1,GRLAMVGFMALLLELITGYGPLHFAGLLMII
1,GRMLLI
1,GRPRESGKKRKRKRLKP
1,GRQLRIAGKRLEGRSK
1,GRQLRIAGKRLRGRSK
1,GRQLRIAGRRLRGRSR
1,GRQLRIAGRRLRRRSR
1,GRQLRRAGRRLRGRSR
1,GRQLRRAGRRLRRRSR
1,GRRERNKMAAAKCRNRRR
1,GRRHHCRSKAKRSRHH
1,GRRRARRRL
1,GRRRRATAKYRTAH
1,GRRRRKRLSHRT
1,GRRRRRERNK
1,GRRRRRRRRRPPQ
1,GRSYN
1,GRVVELSQEHLPGIGGAVWSDSRCQLTVGD
1,GRXTKSIPPIXFPD
1,GSCKYTANGGV
1,GSDRVSNSDFVTM
1,GSFSGTVSKIRIRATTITDFD
1,GSGKKGGKKHCQKY
2,GSGKKGGKKICQKY
1,GSHGVEQQQ
1,GSNFFYQHRLPFS
1,GSPWGLQHHPPRT
1,GSRGGEGGRAPREGPAGNGRDRGRSHAAEAPGDPQAAASLLAPMD
1,GSRHPSLIIPRQ
1,GSSSMATVCGSSLALMHAGVP
1,GSSSWWQRWWPPW
1,GTAKKGDVLGVARVAGI
1,GTIEGDEIGVYTADV
1,GTKMIFVGIKKKEERADLIAYLKKA
1,GTLLDIDHGTYP
1,GTSNEEAGLPQRRPLRQSSKQVKARLPIDSKGG
1,GTSNVHLARQLDLKPLGTMAHE
1,GTSRANSYDNLKSETLTQ
1,GTTPGYSYSAANKNMAVIWGENTLYDYL
1,GVIVDGQRADLHVGPGDFIVVPAGLEH
1,GVKLLEPIMKVEVV
1,GVMGILGEL
1,GVNQKNLGRAGSKCWLGKRP
1,GWKSKDAVPKL
1,GWTLNPAGYLLGKINLKALAALAKKIL
1,GWTLNPPGYLLGKINLKALAALAKKIL
2,GWTLNSAGYLLGKFLPLILRKIVTAL
1,GWTLNSAGYLLGKFLPLILRKIVTAL–NH2
1,GWTLNSAGYLLGKINKLAALAKKIL
2,GWTLNSAGYLLGKINKLAPAALAKKIL
1,GWTLNSAGYLLGKINLKALAALAKKIL
1,GWTLNSAGYLLGKINLKALAALAKKLL
2,GWTLNSAGYLLGKINLKAPAALAKKIL
1,GWTLNSAGYLLGKINLKAPAALAKKIL–NH2
1,GWTLNSAGYLLGKLKALAALAKKIL
2,GWTLNSAGYLLGPHAI
2,GWTLNSAGYLLGPHAVGNHRSFSDKNGLTS
2,GWTLNSKINLKALAALAKKIL
2,GWTNLSAGYLLGPPPGFSPFR
1,GYACNSRDKWCKVLLGKMKASMFLALAG
1,GYATNLLTYANNIHTYEGGTHE
1,GYGNCRHFKQKPRRD
1,GYGRKKRRGRRRTHRLPRRRRRR
1,GYGRKKRRQRRRG
1,GYHTEPDIYTK
1,GYINASAEGVSIRTGLELSRDPAGRMK
1,GYNPMQDPNFHTMGQ
1,GYRRTTPSYWRMWLR
1,HARIKPTFRRLKWKYKGKFW
1,HCHSMFQIALSSRVAEWDSTEKIGDLFVASFSKS
2,HDEFERHAEGTFTSDVSSYLEGQAAKEFIAWLVKGR
1,HEKGQPVLVGTVAVETSEYLS
1,HFAAWGGWSLVH
1,HFADGKVVYTKLMTWKTQDL
1,HFNLMNSRTIADNVAFPLKGLKSKQAIQKKV
1,HFYGMQKYHHEKLVQMLKDIYGNKMCPAIFAQEVSLKYLWEKDY
1,HGLNIHYVFLWHI
1,HGVSIFCGIGERCREGEELYRDM
1,HHHHHHrrrrrrrrr
1,HHHHHHTKRRITPKDVIDVRSVTTEINT
1,HHSIAYKFRKKFVMTKIEDIFVTVGRTGLITY
1,HIQLSPFSQSWR
1,HLGCPEKYNFPWVS
1,HNACPDAYSYAYDDKRGTFTCNGGPNYAITFCPMRLVQLSR
1,HNFAPLKNDRLLKALRFEPIDTTPVWMMRQAG
1,HPGSPFPPEHRP
1,HPTIIVAFAGIWSYQCWCPEE
1,HQHKPPPLTNNW
1,HRHIRRQSLIML
1,HSEYSYSFPDISSEMMIR
1,HSMKT
1,HSPIIPLGTRFVCHGVT
1,HTCRRIMDMVSNQHPWFGMEQEYTLLGTDGHPF
1,HTFISSLE
1,HTSYMSCCTFLRSD
1,HVPLSPRTLNAWVKLVEEKKFGAEVVPGF
1,HVRGVAMNPVDHPHGGGEGRT
1,HXRHXRILFQYHXRHXR
1,HYRIKPTARRLKWKYKGKFW
1,HYRIKPTFRRLAWKYKGKFW
1,HYRIKPTFRRLKWKYKGKFA
2,IAARIKLRSRQHIKLRHL
1,IAARIKLRSRQHIKLRHL–NH2
1,IAATNEAVHEVTDGLSQI
1,IAINGVVRFVGAPSREELFEAINDEMEMVHAEA
1,IAPTYSCIALQDLMAKLETG
1,IAQEQKRMMEDFNNEVNMPNN
1,IATLEIKLLMLHNQQKTAAPPQSLLDVLFSM
1,IAWVKAFIRKLRKGPLG
1,icir
1,ICITRRSICMVTCNKEWPQNRNAHTFLI
1,IDFDGPLEVDQ
1,IDIKCF
1,IDQQTRFISQAAWFSRSIDCQNLTG
1,IDQVFSHIKWIEWI
1,IDVTSADALQKYGSI
1,IEKEGFLDFDVAIATPDMMRIIGRLGKILGPRG
1,IESYLNIPKEGNSKINF
1,IEWIRARNAATGSDVTITPRREDVAPAG
1,IFDQMFCSIYFHTLRYEGPFTPPSLKGSL
1,IGCRH
1,IGCSRGRFGLQCKQNCTCPGLEFSD
1,IGSIDNEKNGVNKAYDLPFYC
1,IHNMNFSA
1,IHSHWFVMVLKGKAARQRDDLWTHPCFPS
1,IIERNITEIVYLNNTTIEKEICPEV
1,IIKDRQYTAKADSVARRSCQTALYHIAEALV
1,IIYRDLISH
1,IKDYRYTYRC
1,IKIWFQNRRMKWKK
1,IKNGALANLVREIEM
1,IKNLYLNHNRIESILPQQKSQ
1,IKNQAGDE
1,IKQIIQRITWVNP
1,IKRHGQSR
1,IKRYLIKR
1,ILCNKEI
1,ILDPALLRSGRLDRKIEFPMPNEEARARIMQIHSRKMNVSP
1,ILHTLNLPLDMLAPYLDAKL
1,ILIISSMAAFAFSRFKFALNNLLYSL
1,ILLILLCIATVFLSVGGTALYCT
1,ILPEGFELAPP
1,ILPTMGGQTALNCVLDLDNH
2,ILRRRIKQAH AHSK
2,ILRRRIRKQAHAHSK
1,ILRRRIRKQAHAHSK–NH2
1,ILSDSYNPDICVA
1,ILWILVLNAIVGVWQESNAEKALEALK
1,IMAFVYLRVFREAQKQVKK
1,IMAHIDAGKTTTTERILYYTGKIH
1,IMEDIIRIIQDGSLDGEKYFQSLKERQGKENAEI
1,IMGIKYWAFMFPQANSAPCTYQ
1,INGLPLS
1,INGNTGSLTANPDCVINRKLSWLQYQQG
1,inlkalaalakkil
1,INLKALAALAKKIL
1,inlkklakl(Aib)kkil
1,INLKKLAKL(Aib)KKIL
1,INVPLRDAKASSRKRRADTAVS
1,IPALK
1,IPDHAFAVKTLLEKLTSHEIIQSLDEIE
1,IPFVLNLDSPDSMYYGHDMFPNRMYRRLHS
1,IPIGTWETLKEGTQAAILTFGTTIPMA
1,IPMIK
1,IPMLK
1,IPSRWKDQFWKRWHY
1,IQPKLLGKAKRIIDAAGRYIEFCKGTF
1,IRGQQQLRRPLVGDAGEGAG
1,IRIGLALNCSITPWGRFA
1,IRLLANLKEMEEPFEKQQIGSSAMPYKRN
1,IRMHN
1,IRSWRDLPQLLN
1,IRTGEYMERV
1,IRVYQRLIS
1,ISYSLNGKKLDLFPEDLLVL
1,ITESVTLSELRADIR
1,ITGAYVLISLFQSSQSCALEGTRGCYEVRDPMDLALLAAILTG
1,ITLNFLMNLLKTQLKGDRVLAGKEAV
1,ITQVGRHWHNWFVGVPTAAVKIYGTDA
1,IVDNVQQGNRDYPAIEAQSSQ
1,IVEENQQINAELKTLQNKHNTMTTGISTGADGSSAAEDGSYTEQLME
1,IVFYLLGSWFLS
1,IVISKTDSNFDWWEGKLRGQTGIFP
1,IVVKIPMTEEGLKAVKVLKAEG
1,IWFQNRRMKWKK
1,IYRDLISH
1,KAFAGHTV
1,KAFAKLAARLYRKALARQLGVAA
1,KALAALLKKLAKLLAALK
1,KALAALLKKWAKLLAALK
1,KALAKALAKALA
1,KALAKALAKLWKALAKAA
1,KALKKLLAKWAAAKALL
1,KALKKLLAKWLAAAKALL
1,KALKLKLALALLAKLKLA
1,KALKLLAKWLAKALL
1,KALLIKQNLKEGITVDQQDLFAYEKYKLLEFYAW
1,kcckwrwrck
1,KCCKWRWRCK
2,KCFMWQEMLNKAGVPKLRCARK
2,KCFQWQRNMRKVR
1,KCFQWQRNMRKVRGPPVSC
1,kcfqwqrnmrkvrgppvscikr
1,KCFQWQRNMRKVRGPPVSCIKR
2,KCFQWQRNMRKVRGPPVSSIKR
1,KCGCRWRWKCGCKK
1,KCGCRWRWKCWKCWK
1,KCPSRRPKR
1,KCRKKKRRQRRRKKLSECLKRIGDELDS
1,KCRKKKRRQRRRKKPVVHLTLRQAGDDFSR
1,KCRWRWKCCKK
1,KCVHGRCIAPNTC
1,KDCRWRWKCCKK
1,KDKLSLITATDEKFTAAVI
1,KEASKATQLPWFAIGGI
1,KEECECTARRPRIPREL
1,KEISEI
1,KELNLILK
1,KEPEALEASPVEVRVAGRVMLKRVMGK
1,KETWFETWFTEWSQPKKKRKV
1,KETWWETWWTEWSQPGRKKRRQRRRPPQ
1,KETWWETWWTEWSQPKKKRKV
1,KETWWETWWTEWSQPKKRKV
1,KFHTFPQTAIGVGAP
1,KFIQGTIAENAPIIPISAQMKYNIDVI
1,KFKEINEAYQILSDSQKKQ
1,KFLWDVGHQSYVHKILTGRAKEFGTLRQYQGLCG
1,KFMAVNH
1,KFVYKEFMQNPDPKEARHCNPHDD
1,KGAEEMETVIPTDVMRRAGIKVTVAGLTGKEPVQCSR
1,KGKKIFIMK
1,KGLLNLTEKTKKPLVICSTGFSDEDLA
1,KGRTPIKFGKADCDRPPKHSQNGMGK
1,KGSKKAVTKAQKKDGKKRKRSRKESYSVYVYKVLKQ
1,KGSWYSMRKMSMIRPFFPQQ
1,KGTYKKKLMRIPLKGT
1,KHELKQG
1,K-Hey-FQWQRNMRKVRGPPVS-Hey-IKR
1,KHKHKHKHKHKHKHKH
1,KHVNVTHDKMRHCQPD
2,KIAAKSIAKIWKSILKIA
1,KIIRRLIK
1,KIITMAAKEGGLDPDMNPKLRTAILNAKAQNMP
1,KIRKNPTIG
2,KITLKLAIKAWKLALKAA
1,KIWFQNKKMKWKK
2,KIWFQNRRMK
1,KIWFQNRRMK–NH2
1,KIWFQNRRMKWKK
2,KKAAQIRSQVMTHLRVI
1,KKALLALALHHLAHLALHLALALKKA
1,KKALLALALHLLALHLALHLALALKKA
1,KKDGKKRKRSRKESYSVYVYKVLKQ
1,KKHTLGEVWVQKTSEMNTD
1,KKICTRKPRFMSAWAQ
2,KKKEERADLIAYLKKA
1,KKKKKKGGFLGFWRGENGRKTRSAYERMCILKGK
1,KKKKKKKKK
1,KKKKKKKKKKKKKKKK
1,KKKKKKKKKKKKKKKKKKK
2,KKKQYTSIHHGVEVD
2,KKKQYTSIHHGVVEVD
1,KKLFKKILKYL
1,KKLFKKILKYLKKLFKKILKYL
2,KKLSECLKRIGDELDS
1,KKPGKKTTTKPTKK
1,KKPGKKTTTKPTKKPTIKTTKK
1,KKPTIKTTKK
2,KKRRQRRR
1,KKTCRRINYCALNK
1,KKTTTKPTKK
1,KKWKMRILFQYRXRRXR
1,kkwkmrrGaGrrrrrrrrr
1,KKWKMRRNQFWIKIQR
1,KLAAALLKKWKKLAAALL
2,KLALKAAAKAWKAAAKAA
2,KLALKAALKAWKAAAKLA
2,KLALKALKAALKLA
1,KLALKALKAALKLA–NH2
1,KLALKALKALKAALKLA
2,KLALKLALKALKAA
1,KLALKLALKALKAALK
1,klalklalkalkaalkla
1,KLALKLALKALKAALKLA
1,KLALKLALKALKAALKLAGC
1,KLALKLALKALKAA–NH2
2,KLALKLALKALQAALQLA
1,KLALKLALKAWKAALKLA
2,KLALKLALKWAKLALKAA
1,KLALQLALQALQAALQLA
1,KLEVANDALGALRLKLGKELNLIDESL
2,KLGLKLGLKGLKGGLKLG
1,KLGVM
1,KLIKGRTPIKFGK
1,KLIKGRTPIKFGKADCDRPPKHSGK
1,KLIKGRTPIKFGKADCDRPPKHSQNGK
1,KLIKGRTPIKFGKADCDRPPKHSQNGM
1,KLIKGRTPIKFGKADCDRPPKHSQNGMGK
1,KLIKGRTPIKFGKARCRRPPKHSGK
1,KLIRKRLI
1,KLKKKPFNRYPECQPSKLISSYAHYVNLSC
2,KLLAKAAKKWLLLALKAA
2,KLLAKAALKWLLKALKAA
1,KLLKLLLKLLLKLLK
1,KLLTKTL
1,KLNARV
1,KLPCRSNTFLNIFRRKKPG
1,KLPVM
1,KLPVT
1,KLPWTEFAESAEDGPTTRFCQKLAKNHDMVVVS
1,KLSQRNINYQGKSV
1,KLTRAQRRAAARKNKRNTRGC
1,KLTSVEARVLPAPWLKYH
1,KLULKLULKULKAULKLU
1,KLULKLULKULKAULKLUGC
1,KLVEQKTPEVWECLEEVVKQHPVLLNRAPTLH
1,KLVGQHNVANVLVVLALLTCAGIDYRKGLSALKS
1,KLWMRWWSPTTRRYG
1,KLWMRWYSATTRRYG
1,KLWMRWYSPTTRAYG
1,KLWMRWYSPTTRRYG
1,KLWMRWYSPWTRRYG
1,KLWSAWPSLWSSLWKP
1,KLWVPKGASPICGNSVAQDKR
2,KMDCRPRPKCCKK
1,KMDCRPRPKCXKK
1,KMDCRPRPKXCKK
1,KMDCRWRPKCCKK
1,KMDCRWRWKCCKK
1,KMDCRWRWKCKK
1,KMDCRWRWKCSKK
1,KMDCRWRWKKK
1,KMDCRWRWKSCKK
2,KMDCRWRWKSSKK
1,KMDCWRWKCWKCW
2,KMDRWRWKKK
2,KMDSRWRWKCCKK
1,KMDSRWRWKCSKK
2,KMDSRWRWKSCKK
2,KMDSRWRWKSSKK
1,KMDXRPRPKCCKK
1,KMDXRPRPKCXKK
1,KMDXRPRPKXCKK
1,KMDXRWRWKCCKK
1,KMDXRWRWKCXKK
1,KMDXRWRWKXCKK
1,KMDXRWRWKXXKK
2,KMIFVGIKKK
2,KMIFVGIKKKEERA
1,KMTRAQRRAAARRNRWTAR
2,KMTRAQRRAAARRNRWTARGC
1,KNAWKHSSCHHRHQI
1,KNIEATSIDSLMCRWRSKVGVGCLYRFYIRT
1,KNRGTPKDE
1,KNRRTGDAVEVHIDNLQETIQSIYASFESMS
1,KNTYAKSSHIRAIRQKMFEIVQREANSCDLREFV
1,KPRQLKD
1,KPRSKNPPKKPK
1,KPSARMLLLKGFGK
1,KQEETTWSMGFDTTI
2,KQIKIWFQNKKMKWKK
1,KQINNWFINQRKRHWK
1,KQSVQDGYFVGPRGSIGSSLVANLIGI
1,KQVFSKTSGEFLRVAHREHTSHGYLARVISS
1,KRARNTEAARRSRARKLQRMKQ
2,KRARNTEAARRSRARKLQRMKQGC
1,KRAVE
1,KRDYNADIVADIRKVKRGDTCPRCKK
1,KRIHEYKRQLLNCLHV
1,KRIHPRLTRSIR
1,KRIIQRILSRNS
1,KRIPNKKPGKK
1,KRIPNKKPGKKT
1,KRIPNKKPGKKTTTKPTKK
1,KRIPNKKPGKKTTTKPTKKPTIK
1,KRIPNKKPGKKTTTKPTKKPTIKTTKK
1,KRIPNKKPGKKTTTKPTKKPTIKTTKKDLK
1,KRIPNKKPGKKTTTKPTKKPTIKTTKKDLKPQTTKPK
1,KRIPNKKPKK
1,KRPAAIKKAGQAKKKK
1,KRPAATKKAGQAKKKKL
1,KRPTMRFRYTWNPMK
1,KRRIRRERNKMAAAKSRNRRRELTDT
2,KRRIRRERNKMAAAKSRNRRRELTDTGC
2,KRRQRRR
1,KRVSRNKSEKKRR
1,KRWRWKCCKK
1,KRYPELV
1,KSGQYFLPQFNTRKISIENY
2,KSHAHAQKRIRRRLIILL
1,KSICKTIPSNKPKKK
1,KSPCKRCTMDSSDPASPAYIIPRPGGEVICGGTYGVGDWDLSVNPET
1,KSPYSIDVNLLGRSI
1,KTADLINLQHYVIKEKRLSERE
1,KTIEAHPPYYAS
1,KTIPSNKPKKK
1,KTKRLRYKEGKTSS
1,KTLKVAKWLKKAKPLRKLVKC
1,KTRYYSMKKTTMKIIPFNRL
1,KTSGDPIRRRNFVDKEDD
1,KTTLKLSLADENDFHLLNEQNQKIRIKSDT
1,KTVLLRKLLKLLVRKI
1,KVKDNLERIG
1,KWFETWFTEWPKKRK
1,KWFKIQLQIKKWKNKK
1,KXRKXRILFQYKXRKXR
1,KYVDKVRIN
1,LAAAAAAKAARLAEKAMQASIESTGNL
1,LAAENSYF
1,LAALGQIRSLLSVRMGKEEELLMINGLGDIMNN
1,LAELLAELLAELGGGGrrrrrrrrr
1,LAGANSIFYGERLLTTANNEADADAELLRDIG
2,LAIILRRRIRKQAHAHSK
1,LAKATGAKIVT
1,LAKQELVKILQPG
1,LAMIKAAPPLDVDKVLNPSEPSVIYDDKNKLVDT
1,LASTFWLIMNLVGSWISL
1,Lauroyl-B-rrrrrrr
1,Lauroyl-B-rrrrr-RRRR
1,Lauroyl-B-RRRR-rrrrr
1,Lauroyl-B-RRRRRRRRR
1,LCIPF
1,lcl
1,LCLGVAM
1,lclr
1,lclrp
1,lclrpvg
1,LDAIDSRSQSKKLGKETPHDYLIT
1,LDITPFLSLTLP
1,LDNGSGMCKAGFAG
1,LDTYPAWARVSNITDQAMVAPW
2,LDTYSPELFCTIRNFYDADRPDRGAAA
1,LECHPQQIEFSRLNLEYTIMSKR
1,LEEAGILRAGPGGPDQQWPTVSSAT
1,LEIHYQEPWLNMM
1,LENFFCILEVKPQFPE
1,LEVKIPAGINEGQRIALR
1,LFAIGSVLGGFDP
1,LFIALVNQTLIMFGKPVLPVAEDQ
1,LFIGWGSQSSKVQIHHNTWLHFPGHNLRWIL
1,LFKEF
1,LGAGGIREIEF
1,LGISYGRKKRRQRRRPPQ
1,LGLLLRHLRHHSNLLANI
1,LGQHPIPAELGRILVDKLGLDESAVPVLAA
1,LGTIITPDEYTGKIMMLCEARRAVQKNMIFID
1,LGTYTQDFNKFHTFPQTAIGVGAP
1,LGTYTQDFNKTFPQTAIGVGAP
1,LGVILA
1,LHALSPASDATLR
1,LHEAVMLEIYRQALSASELTSPR
1,LHHRGNASGLGAG
1,LHMEDSLKHRVVGQDH
1,LIEELVSAH
1,LIELSGALESVVKQ
1,LIIAEERVAACMADF
1,LIIFAIAASHKK
1,LIIFAILISHKK
1,LIIFRIAASHKK
1,LIIFRILISH
1,LIIFRILISHHH
1,LIIFRILISHK
1,LIIFRILISHKK
1,LIIFRILISHR
1,LIIFRILISHRR
1,likk(Aib)lkalkklni
1,LIKK(Aib)LKALKKLNI
1,likkalaalaklni
1,LIKRKRLI
1,LIKRRKIL
1,LIQMGSVEEAVQALIELH
1,LIRLMLMEAPSQRPNICQVLEEVSRLQN
1,LIRLWSHLIHIWFQNRRLKWKKK
1,LITKQYRYPSRRRFN
1,LKHKTIT
1,LKKLIDQLGWYAPTFESMEMSHPPTILRK
1,LKKYWDNGMTSLGSVCREKIEAVAT
1,LKlLKkLlkKLLkLL
1,LKTALATLKTLTLTTL
1,LKTLATALTKLAKTLTTL
2,LKTLTETLKELTKTLTEL
1,LKVDKQANPTTDKDKSSKNDKGSQ
2,LLAILRRRIRKQAHAHSK
1,LLDRVS
1,LLEGLKLMALEHKVLLTGTPLQNSVEE
1,LLETLLKPFQCRICMRNFSTRQARRNHRRRHRR
1,LLFLDEAARLDAKSISTLFELCDRLDM
1,LLGDFFRKSKEKIGKEFKRIVQRIKDFLRNLVPRTESC
2,LLGKINKLALAALAKKIL
2,LLGKINLKALAALAKKIL
1,LLGKINLKALAALAKKIL–NH2
1,LLGKSFIGSLELFSLVNHLFNFFR
2,LLIALRRRIRKQAHAHSK
2,LLIIARRRIRKQAHAHSK
1,LLIILARRIRKQAHAHSK
1,LLIILRARIRKQAHAHSK
1,LLIILRRAIRKQAHAHSK
1,LLIILRRPIRKQAHAHSK
2,LLIILRRRARKQAHAHSK
1,LLIILRRRIARKQAHAHSK
1,LLIILRRRIRAQAHAHSK
1,LLIILRRRIRKAAHAHSK
2,LLIILRRRIRKQAAAHSK
1,LLIILRRRIRKQAHAASK
1,LLIILRRRIRKQAHAHAK
1,LLIILRRRIRKQAHAHSA
1,lliilrrrirkqahahsk
1,LLIILRRRIRKQaHAHSK
1,LLIILRRRIRKQAHaHSK
1,LLIILRRRIRKQAHAHSK
1,LLIVYPWTQRFFTSFGNLSNAAAIQSNAQVKAHG
1,LLKKRKVVRLIKFLLK
2,LLKTTALLKTTALLKTTA
1,LLKTTALLKTTALLKTTA–NH2
2,LLKTTELLKTTELLKTTE
1,LLKTTELLKTTELLKTTE–NH2
1,LLLFLKKRKKRKY
1,LLMTVFKTAPLLIAALAASSCGGGGSG
1,LLNIEV
1,LLNRLA
1,LLOOLAAAALOOLL
1,LLQPKKQ
1,LLRNGPDDLFWLGTTEALELGRQQAQ
1,LLTNAAESRGIPSIII
1,LLVGIHDVDR
1,LLVQYILPLVCLTVSHTS
1,LLWSDP
1,LLYEEA
1,LLYGVFRFIVEFVRV
1,LMLMATAFVGYVLPWGQMSFWGATVITNLFSAI
1,LMLRTVGYKFHCSLPVNAVHCSLK
1,LNDALSQLVGQQV
1,LNGNELERLAVGGDRVRKLSRR
1,LNGQRKNSRDRNSKRQTELEQPKPRTDSKNENH
1,LNGRVPLIGFSGSP
1,LNMLNRRDSSASTISSAYLSSRRSSGISPCFS
2,LNSAGYLLGKALAALAKKIL
1,LNSAGYLLGKALAALAKKIL–NH2
1,LNSAGYLLGKINLKALAALAKKIL
2,LNSAGYLLGK LALAALAK
2,LNSAGYLLGKLKALAALAK
1,LNSAGYLLGKLKALAALAKIL
1,LNSAGYLLGKLKALAALAK–NH2
1,LNVPPSWFLSQR
1,LPFIIAALAMVHLLFLHETGSNNPTGISSDADKIPFHPYYTIKDILGAL
1,LPHPVLHMGPLR
1,LPQLVRRMRQQRKHMLQEKLHLRFC
1,LPRHIRTHTGEKPYECNICKVRFTRQDKLKVH
1,LPVPT
1,LQDISRAGKNVFRNV
1,LQFGTEPFTGGPATLSVSNW
1,LQPARTLAKKRVVVKRPDYAPPLAGLTT
1,LQQQECKLLYSRKEGQRQENKN
1,LRFGLYL
1,LRGDTNVGWLHDNNIHIWDEWADENGDLG
1,LRHWTPAEIRIPIYVMIIASVVSAVQMLINAYAF
2,LRKKKKH
1,LRKKKKKH
1,LRPVMDNQNIRIRLKAYDHRVLDNSTKEIVNTA
1,LRQAKWIKPKVNQPSLCFN
1,LRRERQSRLRRERQSR
1,LRYLVSFREH
1,LSADEATARKVGARHGSPVILTVKAQEMAKR
1,LSELEQMWLTELPAVTSREM
1,LSEYDQVL
1,LSILA
1,LSITEWRPVTGAVPPMSEAEWQ
1,LSKFKDKIKISYEKEVKKEEMKYFKFLI
1,LSKRHQDPAS
1,LSTAADMQGVVTDGMASG
1,LSTAADMQGVVTDGMASGLDKDYLKPDD
1,LTLYGTDKLYTLAIIKRAVSQVGGSQTN
1,LTMPSDLQPVLW
1,LTRNYEAWVPTP
1,LVMGGSLGSKKLNSIIRENLDAL
1,LVSLGLLGPKPDTFSQLEKREVWMPEDT
1,LVTGGKESLYWRVVAADFVTTDSGSGLVHL
1,LVYLFPLILAMALILLLTAFITKVNLHNK
1,LWGRTLLAIETDDLELVAREIDWVTKYVLIERFR
1,LYKKGPAKKGRPPLRGWFH
1,MAIYRDLIS
1,MAMPGEPRRANVMAHKLEPASLQLRNSCA
1,MANLGCWMLVLFVATWSDLGLCKKRPKP
1,MANLGYWLLALFVTMWTDVGLCKKRPKP
1,MAPQRDTVGGRTTPPSWGPAKAQLRNSCA
1,MAQDIISTIGDLVKWIIDTVNKFTKK
1,MASISDP
1,MDAQTRRRERRAEKQAQWKAAN
2,MDAQTRRRERRAEKQAQWKAANGC
1,MDCRWRWKCCKK
1,MDCRWRWKCXKK
1,MDCRWRWKXCKK
1,MDCRWRWKXXKK
1,MDCWRWKCWKCW
1,MDLGELVGMTPEIIQKL
1,MDMVAIDDQDYIMCHF
1,MDYGKMLEYHAEKQAD
1,MEPLWWANYDNTQ
1,Me-RKKRRRESWVHLPPPVHLPPPGGHHHHHH
1,MESSRGPPRVKNKAPAPI
1,MGLGLHLLVLAAALQGAKKKRKV
1,MGLGLHLLVLAAALQGAWSQPKKKRKV
1,MGSST
1,MGVADLIKKFESISKEEGGGGK(Ahx-FITC)-GGrRrRrRRR
1,MGVADLIKKFESISKEEGGGGK(PA-RhB)GGrRrRrRRR
1,MGVADLIKKFESISKEEGGGGK(RhB)GGrRrRrRRR
1,MHGAR
1,MHKRPTTPSRKM
1,MHQEYLQGLATNAGHPMSLTHHQWLPNPASDW
1,MIAYRDLIS
1,MIEMAM
1,MIIARDLIS
1,MIIFAIAASHKK
1,MIIFKIAASHKK
1,MIIFRAAASHKK
1,MIIFRALISHKK
1,MIIFRDLISH
1,MIIFRIAASHKK
1,MIIFRIAATHKK
1,MIIFRIAAYHKK
1,MIIFRILISHKK
1,MIIRRDLISE
1,MIISRDLISH
1,MIIYADLIS
1,MIIYARRAEE
1,MIIYRAEISH
1,MIIYRALIS
1,MIIYRALISHKK
1,MIIYRD
1,MIIYRDAIS
1,MIIYRDKKSH
1,MIIYRDL
1,MIIYRDLAS
1,MIIYRDLI
1,MIIYRDLIA
1,MIIYRDLIS
1,MIIYRDLISH
1,MIIYRDLISKK
1,MIIYRIAASHKK
1,MITGAAQMDGAILVVSGADGP
1,MIVASK
1,MKELGNLKGS
1,MLAKEGRLPDAVIACVGGGSNAIGMFADFIDEKN
1,MLLLTRRRST
1,MLREGAGSQGMK
1,MLRNAQARLLRDN
1,MLTPSLEWTKKWV
1,MLVDEQVSRKRHAGKRPKMH
1,MMDDGTEPNVATVL
1,MMRQHPAVRGRIRVLEKTVMPE
1,MMVIRSLSLIRLEGVEGR
1,MNARIALAPMFRRRRYN
1,MNLKEARNFIDKKIVTEGMIPKTECCI
1,MPDTHLKG
1,MPKKKPTPIQLNP
1,MPVMFYFSARNEVALVLVYFNFMIMMMH
1,MPYQPKYFLQYICN
1,MRERDAARRATVPEINLFKARRDVVPNGDYERD
1,MRHLLGQSLTMYKVPELIFKRDQSV
1,MRHRNRVKKLGK
1,MRYDQHYPLLPLDHRYWEIINFLMYMTTEQCTSW
1,MSDPNMNPGTLGSSHILW
1,MTAIYLEKEFGMPYVSITPMGIADI
1,MTAVNDFLTPRSIAVNAINQTHAKVV
1,MTILQFGNGIRRLMNRRDFQG
1,MTPSSLSTLPWP
1,MVKSKIGSWILVLFVAMWSDVGLCKKRPKP
1,MVMEMRNF
1,MVNVQPTNEKLIQRATNIIKEAAEIEESQAKEYLE
1,MVRRFLVTLRIRRACGPPRVRV
1,MVRRFLVTLRIRRACGPPRVRVFVVHIPRLTGEWAAP
1,MVRVAGIKAQVREGITERSPDGL
1,MVTVLFRRLRIRACGPPRVRV
1,MVTVLFRRLRIRRACGPPRVRV
1,MVVDNKWTDH
1,MWELEKKSAVADKHELLSLASSNHLGKSLQLLMDR
1,MWFVPLREALDAFVDVT
1,Myristoyl-B-rrrrrrrrrrr
1,Myristoyl-B-RRRRRRRRRRR
1,NAAPLG
1,NAATATRGRSAASRPTQRPRAPARSASRPRRPVQ
1,NAGSPQMLDQVGRAAPGHPVWI
1,NAHFDLNFLNAAVTRTAYKRNPFHQFSVFDTVT
1,NAKTRRHERRRKLAIER
1,NAKTRRHERRRKLAIERGC
1,NALQNC
1,Nbtg-Nbtg-Nbtg-Nbtg-Nbtg-Nbtg-Nbtg-Nbtg
1,Nbtg-Nbtg-Nspe-Nbtg-Nbtg-Nspe-Nbtg-Nbtg-Nspe-Nbtg-Nbtg-Nspe
1,Nbtg-Nspe-Nspe-Nbtg-Nspe-Nspe-Nbtg-Nspe-Nspe-Nbtg-Nspe-Nspe
1,NCTLIA
1,NELGVLMID
1,NETQELM
1,NEVRCADPEAAEEMR
1,NFSQYFFSFWTQPQRIR
1,NGERPEVLPDTSPWWWLWVIMSQPRHVWSF
1,NGLLAEQLEARLTGATPPDTGI
1,NHDVHVLTQVLRGMTSRNETLFQRAQKSIPGGVNSPVRAFRSVGGTPRF
1,NIDEQPRPLTDSHR
1,NIENSTLATPLS
1,NITVKN
1,NKIEITSIDECFIDATD
1,NKIPIKD
1,NKKLFSFTKKYDNKTLFAALNFSS
1,NKKNPRFKQRQGMRSRSSS
2,NKPILVFY
1,NKRILIRIMTRP
1,NKSMKTLRLNNVTLEMAAYQEESEPKR
1,NKVDEVEEQLFRFSRILDVQPRLAILLGDYA
1,NKYTGTGSQSRNESFNTTISTRVIKIL
1,NLSGL
1,NLSIKENCCSFAGNCSSYLYHTIYQALAD
1,NLys-NLys-NLys-NLys-NLys-NLys-NLys-NLys-NLeu-NLeu-NLeu-NLeu-Nleu
1,NLys-NLys-NLys-NLys-NLys-NLys-NLys-NLys-Nspe-Nspe-Nspe-Nspe
1,NLys-NLys-Nspe-NLys-NLys-Nspe-NLys-NLys-Nspe-NLys-NLys-Nspe
1,NLys-Npm-Npm-NLys-Npm-Npm-NLys-Npm-Npm-NLys-Npm-Npm
1,NLys-Nspe-Nspe-NLys-Nspe-Nspe-NLys-Nspe-Nspe
1,NLys-Nspe-Nspe-NLys-Nspe-Nspe-NLys-Nspe-Nspe-NLys-Nspe-Nspe
1,NLys-Nssb-Nssb-NLys-Nssb-Nssb-NLys-Nssb-Nssb-NLys-Nssb-Nssb
1,NMFNQLVRKYLRQGYYGNKVILGHHPDN
1,NNAVKEQLAELGIEGY
1,NNILKCV
2,NNNAAGRKRKKRT
1,NPDEAVALGAAVQGGVIS
1,NPVLAQGLEA
1,NRARRNRRRVR
1,NRIALEFNHLYH
1,NRRMKWKK
1,NRRVRCVGE
1,NRVGDRIE
1,NSAAFEDLRVLS
1,NSASIAAILTIIGY
1,NSDMAHERKFMWQYNR
1,NSDSTNKHL
1,NSGTMQSASRAT
1,NSPLFGTDGIRGKAGELL
1,NSSTTSTTRDMMIDVLTTTNESVD
1,NSYLDELTGRP
1,NTDDRDVIRYLKYFTFLSKEEIEA
1,NTRKRIIEMIEREIALARKSSGGRIIMKMNSLVDPATIQALYRASRA
1,NVEAAPGSSLMKQIVVNYVYTRLRKNLREEHKA
1,NVEAIKMWWFFLARTDK
1,NVLAHSVEVAHFAGIMAEEMGLDGKLARRC
1,NVLETVAK
1,NVPANEFLNLEGDKISTSRNWAVWLNEYLV
1,NWVTMKDSADSIDHECPRYFDTCERSCKISE
1,NYTTYKSHFQDR
1,PADWRGCKPSCPWGSSSWCNEECT
1,PAEMPTINQLIAKPRVLQK
1,PAHAKISDDSKETIQECVSEYISFITGE
1,PAKGSVGASGDLAPLAHLSLTL
1,PARAARRAARR
1,PARVRPGEIVSTAGEVLGRHDGVH
1,PATRTLISYVLKFQILKA
1,PCAKEVMGPLRWTRLSIRRYDEQFSS
1,PDEIGGKFPTAYVQDYLINPE
1,PDKMRWDKCRYYHDRYTTT
1,PDVRLVMVRATDVPTYVQYGAADLGVAGKDVLLE
1,PDWRFMESKEKDRQVLEDFPTISLEFRNLAEK
1,PEEELEGSSEPEEWCPPMPERSHLTE
1,PEGHELCRPEAVEAEATLRAITIASA
1,PEIFAASDRFGTILENVI
1,PERGLWENIAYLDFRCHPADTKVIVKGKGV
1,PETSVLVLRKPGINVASDWSIHLRMADVAGTSNR
1,PEVLEGASPTPASDVYS
1,PFFAFHDRDIAPEGSTLKETNQNLDIIVGMI
1,PFVYLI
1,PFWPLL
1,PGAGGFQISNPSAIDLACLCAALSVF
1,PGICSLALIANLQNTDAAAGMTKELAQEGEIT
1,PGRKKRRQRRPPQ
1,PGVPDEVLMPEQTWADKAAYKAKAIELANEFKENFKKFESV
1,PGVTVPVG
1,PIEVCMYREP
1,PIPISVV
1,PIRRRKKLRRLK
1,PISSSSNVTEAIQTNITSVAAVAPSPPP
1,PKDAAPGTIRGDFGLEVSDAIC
1,PKGYGRVVLENHQVKKIVEEKDANDEEKE
1,PKIACSQGWYDLW
2,PKKKRKV
1,PKKKRKVALWKTLLKKVLKA
1,PLDGMCDKGNYTQ
1,PLDLPCRYKNQSLHKWLMKRLYMVRW
1,PLGPVVHKCCPGFGGLQWLPLLWNWYQNMWGN
1,PLILLRLLRGQF
1,PLIYLRLLRGQF
1,PLLEEYYDPMYRYQL
1,PLNKDKGEKEERPRQQDPQRKALLH
1,PLPKSEVDEVSHHWDYLYEPDPKELLETLLVR
1,PLQTYKELIKLYQAEEVSFKY
1,PLSSIFSRIGDP
1,PMGCQE
1,PMGPCSFARYCQDMGWRYDNPGRFNGKAKLF
1,PMLKE
1,PMLREGNNVNVTLLRSLMQQALAW
1,PNEITIV
1,PNTRVRPDVSF
1,PNWVDLT
1,PPAEPFLLNVNIP
1,PPHNRIQRRLNM
1,PPKKSAQCLRYKKPE
2,PPRLPRPRPRPLPFPRPG
1,PPRLRKRRQLNM
1,PPVGVQAVALTHEAVRVSWADNSVPKNQKTSD
1,PQDELVELLWRDGQVVLQSQ
1,PQNRLQIRRHSK
1,PQNVTLYQIIWLFMQKTT
1,PQPQGRGNRALAMVHLPQGGG
1,PRKNDFAMSSCPAKVAGPTF
1,PRKQRRERTTFTRAQLDILEALFAKTRYPDIFMR
1,PRLPRLPRLPRL
1,PRPLPFPRPG
1,PRPMIHHSSLNFSFSGLKTFTSKVISNNTLNIQQKANIAR
2,PRPPRLPRPRPRPLPFPRPG
2,PRPRPLPFPRPG
2,PRPRPRPLPFPRPG
1,PRRRRSSSRPVRRRRRPRVSRRRRRRGGRRRR
1,PRRSDAPQLRDEYRTYKLLAGCTGIPNVYY
1,PSDKF
1,PSKRLLHNNLRR
1,PSKVVPLEERMKIASQLFLSGFEDSYRNY
1,PSSFGSQRQFNASQDSPKRSPSKGSWSSILRR
1,PSSSSSSRIGDP
1,PSSTASSSLTSSPCSSPVLTKRLLGSSAS
1,PTEVRMGKGKGAVDYWAARVKPGRIM
1,PTIREFLES
1,PTRKLLAKNLATLYSIGDTFTVF
1,PTRTYRGHNKKDKKIQKKMIM
1,PTTPSTPAKSAQSSKHARRPSKQASAPSSPGTTS
1,PTVEHISGNQIAICSWWRRVCITLKHHPYIEHGN
1,PVADIKAIVTGKDCPHMKEKSA
1,PVIKDSGFKITAMPEIKIEEIVAEDDEGLAASDK
1,PVPSLNVLNGGKH
2,PVVHLTLRQAGDDFSR
1,PVVLMTKKRDGTLAPYS
1,PYEENLNYLIDHISKYHFRDGFRH
1,PYSRPHVQLWYPNRESCRSLIRSLGP
1,QAASRVENYMHR
1,QAHVHVWHKYSVKTVYH
1,QAKKSITYLNRGPTTFYSVAYSEHSSFNELR
1,QASPPAAADHSRTPS
1,QDELWLAGDLVA
1,QDGGTWHLVAYCAKSHRY
1,QEHDYGNLDLCN
1,QESDGKVRSFIVPFSNLAPLMRVGHLRYQLA
1,QFHVHTDGYHNHNLVNMTRIT
1,QFMDQNNPLSEI
1,QFSKQQSKS
1,QGARNYKCCFAWC
1,QHFGGSLKGTLTLTAGLGGM
1,QIFWDSRHPSQH
1,QIISRDLISH
1,QIKIWFQNRRMKWKK
1,QIMISA
1,QIRSYVLDDSRIKDLRTGVETRNTQAVLDGDLD
1,QIVFPVPNICEFLTRESKYR
1,QKGANTIAIGYDEGSVTLKLGREEPAVS
1,QKLKKMNLKNTIKKDIQDALIKIAIINCDP
1,QKVAFCDCCYDDIYTVEFKGCIFRPK
1,QKVHEVRLDCDEDVVLLKVE
1,QLALQLALQALAQLQLA
1,QLALQLALQALQAALQLA
1,QLASILYFTLIIVLMPLAGMLEDNM
1,QLCGTGRITYHPFCAGDWC
1,QLGVQALSIANQSS
1,QLIVTVL
1,QLPVM
1,QLREKQKVKRIYGVLERQFRRYFAEA
1,QLTLASLTETLKQVQTSQA
1,QNDWQSVPLHQNYKKTPTQVY
2,QNLGNQWAVGHLM
1,QNRRMKWKK
1,QPGSQAQTSSLPPTRDPARLVAWVLHRLEM
1,QPIIITSPYLPS
1,QQHLLIAINGYPRYN
1,QQSLCFRAFKDDKSIFVEA
1,QQTTALPTWGLAPSGKGRGLQHPPPVGSQE
1,QQVGGIECSPVTGEITYGLERLAMY
1,QREENVKQAKAMGEKAKVSIRNIRKDANDAVKKLEKDKAI
1,QRIRKSKISRTL
1,QRNFKA
1,QRTIAMAKQMFRAL
1,QSGAKPGHCEWQSTHLKNCEKVNDIRQPPHHQRS
1,QSLPSLRHLQLLPSP
1,QSPTDFTFPNPL
1,QSSTVYLGI
1,QSYYSSQEYDAIHGTLEK
1,QTGCQNTWIQSKCPASCFCRTEIIMKKRIPRIYIKYFLQI
1,QTPINDENNNNKSSMVLPDLNEPTDNN
1,QTRRRERRAEKQAQW
1,QVFIAQKQLIAKC
1,QVHIWRRSYDISPPDLDPQDPNSAHN
1,QVLVRANITL
1,QVRERVFQQALQGA
1,QVRQATNQIVMNCADIDIIT
1,QVVRGSVVLPAGTGK
2,QWQRNMRKVR
2,QWQRNMRKVRGPPVSCIKR
1,QYAWESSAGGSFTVRTDTGEPMG
1,QYLVGKFPP
1,QYRVFRCELPDPNKFALIDTTLYNSDTER
1,QYVNRDKEHCNKN
1,RAEELAKLFAHTGSIQALGMDELEGHE
1,RAGIPEAFVSLG
1,RAGLQFPVGRVHRLLRK
1,RAIKIWFQNRRMKWKK
1,RAKEAAEEPSH
2,RAKRRQRRR
1,RASKRDGSWVKKLHRILE
1,RAWMRWYSPTTRRYG
1,RAWRMWYPTTRRYG
1,RCGRASRCRVRWMRRRRI
1,RDAQAFAAGHITGARHLDNHSVADFIRGA
1,RDGLFCARIFGPTKDYECLCGKYKRMKYKGII
1,RDIIQR
1,RDPLLARL
1,RDRTGTGGGAPCKSESDGNPTTEDESSRSP
1,RDVLGGTALPQIQ
1,REASPYL
1,REERFDCEYRPDHLQVSEITVDWRMK
1,REGSWDLGVEWFPMLENPVKTQISV
1,RELAKAEKLSLEEGGKDARGLLSGLRRRKRPLSW
1,RERKVRGLQLRLLFLVGTASNP
1,RETGAAAVKIEGGVEIAQTIRRIVDAGIP
1,REVRNFLISNALFWMRYFHIDG
1,RFACAHKFPATEEMTRLIAV
1,RFFALHFILPF
1,RFFLTRLYDWLTTPAGALVVKKDPLEY
1,RFGFFPMDQPGTGWT
1,RFHHQFTDSDRDPHSPIEGFWFSHVFWIFDTSY
1,rFTFHFrFEFTFHFE
1,RFVHNC
1,RFVQAGSEVSALLGR
1,RGADYSLRAVRMKIRPLVTQ
1,RGD-ADDA-RRRRRRRR
1,RGD-Ahx-RRRRRRRR
1,RGDRGDRRDLRLDRGDLRC
1,RGDRLDRRDLRLDRRDLRC
1,RGD-RRRRRRRR
1,RGERGERRELRLERGELRC
1,RGERLERRELRLERRELRC
2,RGGRLAYLRRRWAVLGR
1,RGGRLSSYSRRRFSTSTGR
1,rggrlsysrrrfststgr
2,RGGRLSYSRRRFSTSTGR
1,RGGRLSYSRRRFSTSTGRA
1,RGKLPILAGGT
1,RGKQLHAAVHSLQSFDRAMDQFLAFLSETETLC
1,RGSRRAVTRAQRRDGRRRRRSRRESYSVYVYRVLRQ
1,RGWEVLKYWWNLLQY
1,rHHLrHLrrHLrHLLrHLrHHL
1,RHIKIWFQNRRMKWKK
1,rHNHrFNFrFFFNFrFNTrTN
1,rHrHrrHrHrrHrHr
1,RHSRIGIIQQRRTRNG
1,RIEPDCQFSKLCGGC
1,RIFIGC
1,RIFIHFRIGC
1,RIFIRIGC
1,RIKAERKRMRNRIAASKSRKRKLERIAR
1,RIKAERKRMRNRIAASKSRKRKLERIARGC
1,RILHRDLKSKNIFLKNNLLK
1,RILQQLLFIHF
1,RILQQLLFIHFRIGC
1,RILQQLLFIHFRIGCRH
1,RILQQLLFIHFRIGCRHSRI
1,RIRMIQNLIKKT
1,RIVYVCSSLLAVLLTV
1,RIWFQNRRMRWRR
2,RKARRQRRR
2,RKKARQRRR
2,RKKRAQRRR
1,RKKRKKKRXRHXRHXRHXR
1,RKKRRARRR
2,RKKRRQARR
2,RKKRRQR
2,RKKRRQRAR
1,RKKRRQRR
2,RKKRRQRRA
1,rkkrrqrrr
2,RKKRRQRRR
1,RKKRRQRRRPPQCAAVALLPAVLLALLAP
1,RKKRRRESRKKRRRES
1,RKKRRRESRKKRRRESC
1,RKKRRRESRRARRSPRHL
1,RKKTFKEVANAVKISA
1,RKLTTIFPLNWKYRKALSLG
1,RKMSRVKAMDNLTSKDVINRIKEMGIELRITDP
1,RKNSHGG
1,RKSSKPIMEKRRRAR
1,RLAMRWYSPTTRRYG
1,RLFMRFYSPTTRRYG
1,RLIKRLIK
1,RLIMRIYAPTTRRYG
1,RLIMRIYSPTTRRYG
2,RLLMRLYSPTTRRYG
1,rLLrLLLrLWrrLLrLLr
1,RLLRLLLRLWRRLLRLLR
1,RLLRLLRLX
1,RLLRLLRRLLRLLRRLLRC
1,RLLRLXRLX
2,RLPRPRPRPLPFPRPG
1,RLRWR
1,RLSARI
1,RLSGMNEVLSFRWL
1,RLVMRVYSPTTRRYG
1,RLVSYSPVPEDHA
1,RLWARWYSPTTRRYG
2,RLWMAWYSPTTRRYG
2,RLWMRAYSPTTRRYG
1,RLWMRWASPTTRRYG
1,RLWMRWWSATTRAYG
1,RLWMRWYAPAARRYG
1,RLWMRWYAPTTRRYG
1,RLWMRWYSGTTRRYG
1,RLWMRWYSPATRRYG
1,RLWMRWYSPRTRAYG
1,RLWMRWYSPTARRYG
2,RLWMRWYSPTTARYG
1,RLWMRWYSPTTRARG
2,RLWMRWYSPTTRAYG
1,RLWMRWYSPTTRRAG
1,RLWMRWYSPTTRRYA
1,RLWMRWYSPTTRRYG
2,RLWMRWYSPWTRRWG
1,RLWMRWYSPWTRRYG
1,RLWRALPRVLRRLLRP
1,RLXRLXRLX
1,RLXRLXRXX
1,RLXRXRXX
1,RLYMRYYSPTTRRYG
1,RMETSTVLKDLKPETEYVVNVYSVVEDEYSEP
2,RMKWKK
1,RMKWKKILFQYRXRRXR
1,RNPIGRWEVKDCVHFKAMSLCKQPVETR
1,RNPTR
1,RNRSRHRR
1,RNVLFMEHNEKSCTG
1,RPIPRPQAPRPGAPRPGAP
1,RPLAPAVLKAFHDAVDDLATTDKFA
2,RPPGFSPFR
1,RPSGAEKPYICNECGKSFSQWSKLL
1,RQAKIWFQNRRMKWKK
1,RQARRNRRRALWKTLLKKVLKA
1,RQARRNRRRC
1,RQGAARVTSWLGRQLRIAGKRLEGR
1,RQGAARVTSWLGRQLRIAGKRLEGRSK
1,RQIAIWFQNRRMKWKK
1,RQIKAWFQNRRMKWKK
1,RQIKIAFQNRRMKWKK
2,RQIKIFFQNRRMKFKK
1,RQIKIFFQNRRMKFKK–NH2
1,RQIKIFFQNRRMKWKK
2,RQIKIW
1,RQIKIWAQNRRMKWKK
1,RQIKIWFANRRMKWKK
1,RQIKIWFPNRRMKWKK
2,RQIKIWFQ
1,RQIKIWFQARRMKWKK
2,RQIKIWFQN
1,RQIKIWFQNARMKWKK
1,RQIKIWFQNMRRKWKK
2,RQIKIWFQNR
1,RQIKIWFQNRAMKWKK
2,RQIKIWFQNRR
1,RQIKIWFQNRRAKWKK
1,RQIKIWFQNRRLKWKK
2,RQIKIWFQNRRM
2,RQIKIWFQNRRMAWKK
1,RQIKIWFQNRRMK
1,RQIKIWFQNRRMKAKK
1,RQIKIWFQNRRMKW
2,RQIKIWFQNRRMKWAK
2,RQIKIWFQNRRMKWK
2,RQIKIWFQNRRMKWKA
1,rqikiwfqnrrmkwkk
1,RQIKIWFQNRRMKWKK
1,RQIKIWFQNRRMKWKKDIMGEWGNEIFGAIAGFLG
1,RQIKIWFQNRRMKWKKLRKKKKKH
1,RQIKIWFQNRRMKWKKTYADFIASGRTGRRNAI
1,RQIKIWFQNRRMKWK–NH2
1,RQIKIWFQNRRM–NH2
1,RQIRIWFQNRRMRWRR
1,RQLRIAGRRLRGRSR
1,RQPKIWFPNRRKPWKK
1,RQPKIWFPNRRMPWKK
1,RQRSRRRPLNIR
1,RQVTIWFQNRRVKEKK
1,RRARLALLDALDLS
1,RRHHCRSKAKRSR
1,RRIPNRRPRR
2,RRIRPRP
1,RRIRPRPPRLPRPRP
2,RRIRPRPPRLPRPRPRP
2,RRIRPRPPRLPRPRPRPLPFPRPG
2,RRKLSQQKEKK
1,RRLAAGIDLGTTNSLVATVRSGQA
1,RRLRRLLRRLRRLLRRLR
1,RRLSSYSSRRRF
1,rrlsysrrrf
2,RRLSYSRRRF
1,RRLVDVFQRWGYEYVITPMIEFTD
1,RRMKWKK
1,RRQRKRKKR
1,RRQRRTSKLMKR
1,RRRERRAEK
1,rRrGrKkRr
1,rrrqrrkkr
1,RRRQRRKKR
1,RRRQRRKRGGDIMGEWGNEIFGAIAGFLG
1,RRRR
1,RRRRNRTRRNRRRVR
1,RRRRNRTRRNRRRVRGC
1,rrrrr
2,RRRRR
1,rrrrrr
1,RRRRRR
1,rrrrrrr
1,RRRRRRR
1,rrrrrrrr
1,rrrRrRrR
1,rRrRrRrR
1,rRrRrRRR
1,rRrRRRRR
1,rRRRRRRR
1,RRRRRRRR
1,RRRRRRRR-c(RGDfK)
1,rrrrrrrr (D form)
1,rrrrrrrrGC
1,rrrrrrrrr
1,rRrRrRrRr
1,rRRRRRRRr
2,RRRRRRRRR
1,rrrrrrrrrcqcrrkn
1,RRRRRRRRRFF
1,RRRRRRRRRGGLAA(Aib)SGWKHHHHHH
1,rrrrrrrrrk
1,RRRRRRRRRR
1,RRRRRRRRRRR
1,rrrrrrrrrrrr
2,RRRRRRRRRRRR
1,rrrrrrrrrrrrGC
2,RRRRRRRRRRRRRRRR
1,RRRRRRRRRRRTYADFIASGRTGRRNAI
1,RRRRRRRW
1,RRRRWWWWRRRR
1,RRTLPG
1,RRTNQILTKYLPVKFE
1,RRVTSWLGRQLRIAGKRLEGRSK
1,RRWRRWWRRWWRRWRR
1,RRWWRRWRR
1,RSKRTLGLGSLYGENDLLGL
1,RSPAILYNSGGQVAKFHYEWNDPKKL
1,rsrgrlrrgairlqrg
2,RSVTTEINTLFQTLTSIAEKVDP
1,RSYFNNDFIFVRPAI
1,RTIVDDLGEM
1,RTLVNEYKNTLKFSK
1,RTQNWTNSFGSSNAGNGSTT
1,RTRGHRQE
1,RTRRNRRRVR
1,RVIASSDLVWP
1,RVIRVWFQNKRCKDKK
1,RVIRWFQNKRCKDKK
1,RVIRWFQNKRSKDKK
1,RVLAYLLDKNLPKEQQE
1,RVREQQAMCHLVWKSFDEDLD
1,RVREWWYTITLKQES
2,RVRILARFLRTRV
1,RVRSWLGRQLRIAGKRLEGRSK
1,RVRVFVVHIPRLT
1,RVTSWLGRQLRIAGKRLEGRSK
1,RWFKIQLQIRRWKNKK
1,RWFKIQMQIRRWKNKK
1,RWFRIQLQIRRWRNRR
1,RWRRWRRWRRWR
1,RWRWKCCKK
1,RWRWKXCKK
1,RWRWKXXKK
1,RXRRBRRXRRBRXB
1,RXRRBRRXRYQFLIRXRBRXRB
1,RXRRXRAAAAARXRRXR
1,RXRRXRFLQIYRXRRXR
1,RXRRXRIEFQYRXRRXR
1,RXRRXRIKFQYRXRRXR
1,RXRRXRILFQYKKWKMR
1,RXRRXRILFQYRMKWKK
1,RXRRXRILFQYRXRRXR
1,RXRRXRIPFQYRXRRXR
1,RXRRXRIWFQYRXRRXR
1,rXrrXrrXrrXr
1,RXRRXRRXRRXR
1,RXRRXRRXRRXRXB
1,RXRRXRYQFLIRXRRXR
1,RXRXRXRXRXRXRXRXB
1,RXXRXRXX
1,RYRNIEPQAINEVEVIEEA
1,RYVDELNAGKDGPRGDNFNMRWIASMVADVHRILNRG
1,SAETVESCLAKSH
1,SALLAEEDIPHNLLN
1,SAMRLCLPSFDKLELLECI
1,SANKSLGQFNLEGINPAPRGMPQIEVT
1,SARHHCRSKAKRSRHH
1,SASLAPIYVGIVFL
1,SATGAPWKMWVR
1,SDCGIVNVNIPTSGAEIGGAFGGEKH
1,SDLLFYEGLHGAVVTDKVNVAQYA
1,SDLWEMMMVSLACQY
1,SDQVEDIA
1,SDSRVIIFTELRESA
1,SEKFCCVY
1,SELCKLYDYCP
1,SELQLERVNVYYN
1,SESRRTQALILKQAK
1,SFHQFARATLAS
1,SFKMIF
1,SGDFLRNAKLSIMHTPSARPSKTDPLG
1,SGEHTNGPSKTSVRWVWD
1,SGGDLPLADLAASFEQVVADVLVERA
1,SGHITLELSNVANLPITLWPGM
1,SGIEEELQKRLEF
1,SGKGSIQFAGQPLEAWSATKLALHRAYL
1,SGRGKQGGKARAKAKTRSSRAGLQFPVGRVHRLLRKG
1,SGRGKQGGKARAKAKTRSSRAGLQFPVGRVHRLLRKGC
1,SGRWTQETCLPTIYKVFPT
1,SGWNAYIDTMTAAAP
1,SHAFTWPTYLQL
1,SHMMGEFWGDEDMCYRHQRSYET
1,SHNWLPLWPLRP
1,SHRSEIFGTCGEEQKT
1,SIGDSHIGILEQLKAW
1,SIGNPHCVMLVEDVNTVDVSSIALRIQ
1,SIGNWFNRTVFATKFAQHKFLFSREIGSE
1,SIIIVHNHPS
1,SIPVMAK
1,SKDLREASDIGGQGS
2,SKKKKTKV
1,SKRTRQTYTRYQTLELEKEFHFNRYITRRRRIDIANALSLSERQIKIWFQNRRMKSKKDR
1,SLAFLRY
1,SLDELAAASAASTEAALDALLEQPPVEEAFV
1,SLDHLRREFAKETGIIPKGVYDFVWVVDW
1,SLFRALWRLLESLWRLLWK
1,SLGWMLPFSPPF
1,SLSRNALC
1,SLTSVHPDLMKILGDINSDFTRADEDEEIIVKAMSDYW
1,SLVADNCVTLVWRMPDEDSKIDHYVLEYRRTNFE
1,SLVSLFEKWDVSVAL
1,SLWRALWRLLRALWRLLWKA
1,SLWRALWRLLRNLWRLLWKA
1,SLWRALWRLLRSLWRLWRKA
1,SLWRALWRLWRSLWRLLWKA
1,SLWRALWRLWRSLWRLWRKA
1,SLYNALGIYLPLITVNCAIMAGSL
1,SMLKRNHSTSNR
1,SMTLRQCHNPSHLTAFGWHWNMFL
1,SMTTMEFGHSMITPYKID
1,SMVKRKENIYGTERTVPATQANGKDVKDSRG
1,SNFLRGKLKLYTGEACRRGDRMQFASFI
1,SNGHACRPW
1,SNPWDSLLSVST
1,SPEALMKEMTQLEERGIPVRSRLLLSE
1,SPGNQSTGVIGTPSFSNH
1,SPLVEKQSVPAKEEEMQQPESTE
1,SPMQKTMNLPPM
1,SPTRPTHQGLLPVSNKYT
1,SPYSIDKN
1,SQGQRISALRAIGASAPELPR
1,SQIKIWFQNKRAKIKK
1,SQIWVIRLTWAVQMTDFMHDMQQ
1,SQSGNPVMSTVAFLASVVDP
1,SRAHHCRSKAKRSRHH
1,SRKLLRVEVDIGEEKPRQLVAGMASYYTS
1,SRLPAGSDESWTQKLYQTLDKPPTNKVFS
1,SRLSELSKVQISELS
1,SRRAHCRSKAKRSRHH
1,SRRARRSPRESGKKRKRKR
1,SRRARRSPRHLGSG
1,SRRHACRSKAKRSRHH
1,SRRHHARSKAKRSRHH
1,SRRHHCASKAKRSRHH
1,SRRHHCRAKAKRSRHH
1,SRRHHCRSAAKRSRHH
1,SRRHHCRSKAARSRHH
1,SRRHHCRSKAKASRHH
1,SRRHHCRSKAKRARHH
1,SRRHHCRSKAKRSAHH
1,SRRKRQRSNMRI
1,SRWRWKCCKK
2,SRWRWKCSKK
2,SRWRWKSCKK
2,SRWRWKSSKK
1,SSASALGRRAGPLDGLIGEIDRALRVLSG
1,SSASDASKPSSPRGSLLLDGAGASGA
1,SSEKLVIVGASTGGTEAIREVLQPLPADSPAILI
1,SSGANYFFNAIYDFLSNF
1,SSHEGHCYKVFNLDKTWEDAEKFCT
1,SSMGIRVDPE
1,SSPQIDDAERGFSFMNDGP
1,SSSAKLASTSRNGPESSILDPHHSVMELL
1,SSSIFPPWLSFF
1,STALLAVNTLMEPTYFLEPRQL
1,STAPGSLQEDILDSVPA
1,STEPRRLV
1,STHLQYHVNYTSRTVVSM
1,STLSR
1,STNARKTSQLCGR
1,STPDLSAPQFDRRRTAASDIH
1,STVKPIVIMEALK
1,SVGIIQRDESPMEKGLSGLRGRDFELSDVFY
1,SVTILNNHLTLASMMPIVLLVFAA
1,SWAQHLSLPPVL
1,SWLGRQLRIAGKRLEGRSK
1,SWLPYPWHVPSS
1,SWWTPWHVHSES
1,SXRSXRILFQYSXRSXR
1,SYCGHGIHKLFHTAPNVPHYAKNKAVGVM
1,SYDDLRRRKRFYYFTDVRVAA
1,SYFILRRRRKRFYYFTDVRVAA
1,SYGIDKETTIHLTLKVVKPSDEELPLFLVE
1,SYIQRTPSTTLP
1,SYLIGSIPFGLLFTRLAKLGD
1,SYNTF
1,SYTDL
1,TAAVERELIGLDMSRARRAK
1,TAFPNKKLLKTYLTQLEEAKRRDHRKLGKELNL
1,TAIQLQP
1,TAKTRYKARRAELIAERR
2,TAKTRYKARRAELIAERRGC
1,TALSKFGMPMNAL
1,TAQVFFNVYKKAKPN
2,TARRITPKDVIDVRSVTTEINT
1,TCCCNPEIHCLSHHH
1,TCISNITGLILTFDRNNTNNVTFR
1,TDTLKHFLKLEYEKGEKNMEIILLTDISNKGK
1,TECTFM
1,TEKASRIGAAEKASRGDQES
1,TEREAPISRRRRHPDDAGQFAVALVIIYRTL
2,TERQIKIWFQNRRMK
1,TERQIKIWFQNRRMK–NH2
1,TESENDTLSESSTTSISSSPSENSDTSDDLTKVD
1,TFDHNLKLIKSAGIKEGLDLNTAL
1,TFGRIA
1,TFPQTAIGVGAP
1,TFSLPRSLLDSMTVAVD
1,TFTDYVDRFNSV
1,TGARPGTSPKRCPTCGGTGQIRTTRTG
1,TGCRSVCSHVVRNGDITFILTSPLRS
1,TGIEDKEAWHGKPLPKNMAE
1,TGPSPAPPYGLFVGGRFQSPGTQSSR
1,TGRRISATAEDGNKF
1,TGRWGEDCEDQNSARLMVP
1,TGVDNLFYIDKFQVREVKMETLLAG
1,THGSALFT
1,THIPNAWQEPQVVYKMKLRNVSKNN
1,TIGDAIEAIENGVPIDMVQIDLTRTW
1,TIILDTKNRREEVMAKYEILYIIRPNIEEEA
1,TILVHSAWAKE
1,TIQDLYHQLQAVAPYASQPVIRPVEGSKPLIK
2,TKAARITPKDVIDVRSVTTEINT
1,TKGEVREAVDQVLETLDKGEARVAE
1,TKKDLTQWFFKITDYADELLDKLD
2,TKRRITPDDVIDVRSVTTEINT
2,TKRRITPKDVIDV
2,TKRRITPKDVIDVESVTTEINT
2,TKRRITPKDVIDVRSVTTEINT
1,TKRRITPKDVIDVRSVTTKINT
1,TKRRITPKKVIDVRSVTTEINT
1,TLFVPQHILMTSAPNTITVLELERAPCSSDGPE
1,TLIIGG
1,TLISLFWWMESWEQTVNPPMSRIFREPKMPFEE
1,TLPLIEQMMACRETMTSSE
1,TLPSPLALLTVH
1,TMVEPFKLCFD
1,TNRSK
1,TPAPTPVPEHPMVP
1,TPDELYFE
1,TPFFLFQQDTYMSHY
1,TPKTMTQTYDFS
1,TPLEAIASSLTELFAPNLHE
1,TPLNLAVNWRCE
1,TPRKGFDG
1,TPWWRLWTKWHHKRRDLPRKPE
1,TQELMDEIH
1,TQKKVPDKLLDSSTVTHLFKITENIG
1,TQYNNQPAADAFRKQLEKNGIASYLHY
1,TRGSTDDISIVIIQLQQFSRMSREEDEKLLFP
1,TRNISTYSVTV
1,TRQARRNRRRRWRERQR
1,TRQARRNRRRRWRERQRGC
1,TRQARRNRRRWRERQR
1,TRRNKRNRIQEQLNRK
1,TRRQRTRRARRNR
2,TRRQRTRRARRNRGC
1,TRRSKRRSHRKF
1,TRSEMESILESMYKLV
1,TRSSRAGLQFPVGRVHRLLRK
1,TRSSRAGLQWPVGRVHRLLRK
1,TRSSRAGLQWPVGRVHRLLRKGGC
1,TSEQIVRAYAPEQKM
1,TSHTDAPPARSP
1,TSIVVLVERGNGSKIAAGALGLCAAG
1,TSPLNIHNGQKL
1,TSSNYDDDEKKVTGGRNGYGAKLCNIFS
1,TTIPTSKSQ
1,TTLFWLGAIGMLVGTLA
1,TTVAEICQFVKPATH
1,TTVYNA
1,TTWCLHRMGSCHV
1,TTYKYEMINKQNEQMHALLA
1,TVDLSCGLVVTPLIGSSVSSSSMS
1,TVDMATLGVAAGWDDVAQTLAASLIANID
1,TVEKDRIIEIAACHSTH
1,TVPQGGMEMWLLYLLVPAMFCRAGG
1,VAAQMQHVAAFSLVAAPLLPAAAANSPPGSGPGTLPGLPAPI
1,VAARHPGLEE
1,VACKEYGQRIVLGLDARDGKVATDGWA
1,VALFADGPTTIRDVASWRVKETERMIAICT
1,VALQQKQRSALFVAQMAKSLGAQGAIVAEEGYGN
1,VAMAFVRGLARRDTG
1,VASDSEYSAECESLFHSTVVDTSEDEQSNYTTN
1,VASLIEEEGNPNLKLRLYVSGGGCSGFQY
1,VATIKSVSFYTRK
1,VCMCWQQGHRIEYNRGKRNLFKSLHYYYVTW
1,vcvr
1,VCWAHCIIALWMYNFCFP
1,VCYDPEREGVYDESNIHELRTIKLNDLDIN
1,VDATGDIDIDFHHTVEDIGIVLGQALKEALG
1,VDFEEAYLAVS
1,VDKFFIYVIED
1,VDKGSYLPRPTPPRPIYNRN
1,VDKLADTVKTTIGPKGRNVVLEQSYGNP
1,VDMGKPSFNPADIL
1,VDPYGRKV
1,VEFTVQGNPLEHHPT
1,VEKRGTKNWRPEYMHSATNMSVDAYT
1,VELFRHHYNIPLVHVDASKQFLGELAGVTDPEMK
1,VELPPPVELPPPVELPPP
1,VELQDKVDSLDKDIKFLKCLY
1,VFDKYHLLPRHISQLYEMFLEG
1,VFHLKGGILQYLEDIPQDQSTWNGACFVFD
1,VFMGMGEPLLNLKEVI
1,VFSLAGPVVSMAGHGEQ
1,VFTFFLQLEGFTLGVKDILVTDVADRK
1,VGAlAvVvWlWlWlWbA-GSG-PKKKRKVC
1,VGALLK
1,VGAQSLNALTGQIVPKDIQLATPPQVGAPATEYAALAELKAIASRNKRF
1,VGGSAYDAHGVAISDADMEKALAADA
1,VGHIASRRTG
1,VGKLRGAKGECHLAVADLEAFSQGL
1,VGSPTVLFLAILKLWSIQVFIQVLSYKHV
1,VGYLSASIEWAWRTGDPEAWRKWWNDP
1,VGYPLLWSPSPEEEA
2,VHLPPP
2,VHLPPPVHLPPP
2,VHLPPPVHLPPPVHLPPP
1,VIAEDDLVDSCKPGDRV
1,VIKKILGRIECPKG
1,VINLLMKVI
2,VIRVHFRLPVRTV
1,VIVYIVVKDASSK
2,VKLPPP
2,VKLPPPVKLPPP
1,VKLPPPVKLPPPVKLPPP
1,VKLYSFNLGGLFFLCCTSLGVYTV
1,VKNVRQKSIVIGHNGEKIKKISMISRNNIEKKFY
1,VKPEIAEL
2,VKRGLKLRHVRPRVTRMDV
1,VKRKKKPALWKTLLKKVLKA
1,VLAMLSR
1,VLASGAKRVSDA
1,vlclr
1,VLDHMSGVDFKRFMHMSE
1,VLGQSGYLMPMR
1,VLGRITDWRQCHDRVLS
1,VLKTPIFL
1,VLSGY
1,VLTGMGADGREGARMLKAAGATIWA
1,VLTTGLPALISWIRRRHRRHC
1,VMPVSLPALRERLDDIADLAPFL
1,VMVKGPGPGRESTIRALNAAG
2,VNADIKATTVFGGKYVSLTTP
1,VNAEAM
1,VNEIIEAFRARFDARVELAETVQETENFLVNR
1,VNHGMSIDRRHVMLLS
1,VNMSSFFLMLVYYVTY
1,VNYEEKWVHAKCHHIHVHNYDASEWKSETYCSHP
1,VPALK
1,VPALR
1,VPCYFIYGNRDFLIGSRFCQETGMTLLPEHTVI
1,VPMIK
1,VPMLK
1,VPMLKPMLKE
1,VPMVHNGYG
1,VPTCDFQHSCFTTNRYEASDHKAIEHP
1,VPTLE
1,vptlk
1,VPTLK
1,VPTLQ
2,VQAILRRNWNQYKIQ
1,VQGKALSYNNIADTDAALECVKEF
1,VQQLQWYQNNLVENF
2,VQRKRQKLMP
1,VQTFLDTFLKFAPEPHGHKTVDGDEIDP
1,VRAAKLLQRE
1,VRAKAAAKGRTVRFGIRLHVIVRETTE
2,VRLPPP
2,VRLPPPVRLPPP
1,vrlpppvrlpppvrlppp
1,VRLPPPVRLPPPVRLPPP
1,VRRFLVTLRIRRA
1,VSALK
1,VSEEEREELVAQFNTILDYFQQLDEVDTEGVEP
1,VSGKK
1,VSKQPYYMWNGN
1,VSLKK
1,VSRRRRRRGGRRRR
1,VSYIIHGLMRMDTLQPDRCEIRGENFHWQGDALV
1,VTELTKALIARPSVTPLDEGCQTLMA
1,VTGPLIIAVNKTDRMDEKAELIPHLQW
1,VTLLLAYRSPLCRDTKPMYRP
1,VTTSSDPVIQELAEKDE
1,VTVNISSPNTKNLRQL
1,VTWTPQAWFQWV
1,VVDPGVIPRNLHQMPPVDPSQDPLAIGPPT
1,VVKKLMTEFNYNSVMQVPRVEKITLN
1,VVLDAGRVAQVGKPLELYHYPADRFVAGFIGSPKMNFLPVKVTATAI
1,VVLPYRDRLQVFS
1,VVLYKYRCYKVI
1,VVMTV
1,VVRNDQGYVDDQSPCEKMKVTKKTLTLQG
1,VVRYARPG
1,VVTTAKTDDEGRALLKALGFP
1,VVVDIATLT
1,VWCIRSWKITS
1,VWTLTVYSIWMSVEDHIGY
1,VYCTMVMGQYLWKIAIPEKDSLFKSFLS
1,VYDEDGIAHALPESMLPLELPEVEDY
1,VYIDRKAIDRPALDHLYALLEETDLPVLGEK
1,VYVPA
1,WCFYLIHVMWWRMGDGQWFCISWDDSYKR
1,WEAALAEALAEALAEHLAEALAEALEALAA
1,WEAKLAKALAKALAKHLAKALAKALKACEA
1,WFQNRRMKWKK
1,WHAMHRVHHGLHDLQIH
1,WIIFKIAASHKK
1,WIIFRAAASHKK
1,WIIFRALISHKK
1,WIIFRIAASHKK
1,WIIFRIAATHKK
1,WIIFRIAAYHKK
1,WKARRQAFRVLHHWN
1,WKARRQCFRVLHHWN
1,WKATVPWCEFSDEMMSHSARP
1,WKCRRQAFRVLHHWN
1,WKCRRQCFRVLHHWN
1,WKRRFVQDATVAEM
1,WKSMFGSLDPPNMPQA
1,WKWRRQWFRVLHHWN
1,WLKY(PO3)LLKKWLKLWKKLLKLW
1,WLLANL
1,WLOLLOOWLOLWOOLLOLW
1,WLOLLROWLRLWORLLOLW
1,WLRLLORWLOLWROLLRLW
1,WLRRIKAWLRRIKALNRQLGVAA
1,WMNFSIFLQEMSLFKQQSPGKFCLLVCSVCTF
1,WQLWQQVRPNNHSHLHAISVEKFPLSKADLIRA
1,WRFKAAVALLPAVLLALLAP
1,WRFKKSKRKV
1,WRFKWRFK
1,WRFKWRFKWRFK
1,WRWRWRWRWRWRWR
1,WSALLEKAYAKVNGSYESLSGG
1,WSIDKESS
2,WSYGLRPG
1,WVSERQQEF
1,WWRRRRRRRR
1,WWWRRRRRRRR
1,WWWWRRRRRRRR
1,YAAMVVKVIAQHQN
1,YARAAARQARA
1,YARAARRAARR
1,YAREARRAARR
1,YARKARRAARR
1,YASYAALIYLAVCVNAVLAKIKKIFQE
1,YDAGRCDVYTTDQSGLYSLRLTL
1,YDEALGRLESPRHRGSSPRRVLDVEVYSSRSKV
1,YEGRFWNPQPTETYKFK
1,YEGTEDNIVRQT
1,YEKALHSFIIHEDPSLNYISALKETAKE
1,YEQETEPMAKVKATMYYLKNTNFWM
1,YEREARRAARR
1,YFDDDDMWNKAENMLKEAADELGLSYEEA
1,YFHGWPNQELKLSIKLYYMCQCGFYVYGVAALL
1,YFKRYQVKFKRRREGKTDY
1,YFQDNMA
1,YFTTVGRALSSNLVPLWDSATGKAASFVTSFSF
1,YFWDDFRYDIFMERVVMHF
1,YFYSYKVVKGVKKYFSFSQSNGYK
1,YGAGLN
1,YGFMELFDDVTAIFSIDHCQEEYYEQMANNVM
1,YGKPMEPEKIPDIIFIDGGRGQLSRAYNV
1,YGLFSHCFQCSIMPTGL
1,YGRAARRAARR
1,YGRKKKRRQRRR
1,YGRKKRRQRRR
1,YGRKKRRQRRR-acp-DYQQD
1,YGRKKRRQRRR-acp-ENAEYLR
1,YGRKKRRQRRR-acp-NYQQN
1,YGRKKRRQRRR-acp-OH
1,YGRKKRRQRRR-acp-QNAQYLR
1,YGRKKRRQRRRGCYGRKKRRQRRRG
1,YGRKKRRQRRRGTSSSSDELSWIIELLEK
1,YGRKKRRQRRRPPLRKKKKKH
1,YGRKKRRQRRRSVYDFFVWL
1,YGRRARRAARR
1,YGRRARRRARR
1,YGRRARRRRRR
1,YGRRRRRRRRR
1,YGSGSMRE
1,YIKFHRLQDMEE
1,YISPEVLKSQGGDGYYGRE
1,YIVLRRRRKRVNTKRS
1,YKALAK
1,YKMFMVAAPKVPVKRGCIDACPKNSLLVKY
1,YKMVVQVVI
1,YKQCHKKGG-ahx-KKGSG
1,YKQCHKKGG-Ahx-KKGSG
1,ykqchkkGGkkGsG
1,YKQCHKKGGKKGSG
1,YKQSHKKGGKKGSG
1,YKRAARRAARR
1,YKRKARRAARR
1,YLANGEL
1,YLHATLFLIGEYLHLAFYY
1,YLLSVLQFINVMITLYQSIYDLPFHSIWWLF
1,YLREYKLVVVGDGGVGKS
1,YLTGGF
1,YLVLARQLANGQVAVSAQNVFDKP
1,YMVGLCDYHILYSGWGQMDWHPEPHFYAWMYR
1,YNPWDP
1,YPFIKITNERHPKLIVTRHVKKDKGKYFGP
1,Y(PO3)WLKLLKKWLKLWKKLLKLW
1,YPRAARRAARR
1,YPYDANHTRSPT
1,YPYILLTKERHPRITSHRGSKKV
1,YRFK
1,YRFKYRFKYRLFK
1,YRNITFAHERAGVKDKQVLDEIVETSLRQAALW
1,YRRAARRAARA
1,YRRRRRRRRRR
1,YSDFHFIDERGESIIVESGDP
1,YSERDARDA
1,YSHIATLPFTPT
1,YSLEALLA
1,YSQQPDF
1,YSSAYEWFNRYKQPYYEL
1,YSYCILNSDNYYPWEGYQ
1,YTAIAWVKAFIRKLRK
1,YTMQMLLEIHRKNW
1,YTQDFNKFHTFPQTAIGVGAP
1,YYLGAHLPIFRSYLGGGSVFTILLTAILVATNVIPKYVVT
2,YYYAAGRKRKKRT
1,"α,ε(Stearyl-AGYLLG)2KINLKALAALAKKIL"
1,δ-(Stearyl-AGYLLG)OINLKALAALAKKIL
1,ε-(Steary-AGYLLG)KINLKALAALAKKIL
